-0.070000,-0.070000,-0.220598
-0.070000,-0.067500,-0.238777
-0.070000,-0.065000,-0.255870
-0.070000,-0.062500,-0.273090
-0.070000,-0.060000,-0.291819
-0.070000,-0.057500,-0.313479
-0.070000,-0.055000,-0.339343
-0.070000,-0.052500,-0.370274
-0.070000,-0.050000,-0.406479
-0.070000,-0.047500,-0.447338
-0.070000,-0.045000,-0.491417
-0.070000,-0.042500,-0.536639
-0.070000,-0.040000,-0.580569
-0.070000,-0.037500,-0.620698
-0.070000,-0.035000,-0.654677
-0.070000,-0.032500,-0.680468
-0.070000,-0.030000,-0.696433
-0.070000,-0.027500,-0.701375
-0.070000,-0.025000,-0.694548
-0.070000,-0.022500,-0.675649
-0.070000,-0.020000,-0.644799
-0.070000,-0.017500,-0.602512
-0.070000,-0.015000,-0.549662
-0.070000,-0.012500,-0.487446
-0.070000,-0.010000,-0.417343
-0.070000,-0.007500,-0.341091
-0.070000,-0.005000,-0.260721
-0.070000,-0.002500,-0.179109
-0.070000,0.000000,-0.117391
-0.070000,0.002500,-0.185811
-0.070000,0.005000,-0.274251
-0.070000,0.007500,-0.361697
-0.070000,0.010000,-0.445383
-0.070000,0.012500,-0.523365
-0.070000,0.015000,-0.593977
-0.070000,0.017500,-0.655779
-0.070000,0.020000,-0.707587
-0.070000,0.022500,-0.748506
-0.070000,0.025000,-0.777969
-0.070000,0.027500,-0.795767
-0.070000,0.030000,-0.802082
-0.070000,0.032500,-0.797505
-0.070000,0.035000,-0.783039
-0.070000,0.037500,-0.760086
-0.070000,0.040000,-0.730396
-0.070000,0.042500,-0.695967
-0.070000,0.045000,-0.658879
-0.070000,0.047500,-0.621071
-0.070000,0.050000,-0.584082
-0.070000,0.052500,-0.548828
-0.070000,0.055000,-0.515495
-0.070000,0.057500,-0.483592
-0.070000,0.060000,-0.452123
-0.070000,0.062500,-0.419833
-0.070000,0.065000,-0.385428
-0.070000,0.067500,-0.347741
-0.067500,-0.070000,-0.203414
-0.067500,-0.067500,-0.213904
-0.067500,-0.065000,-0.222717
-0.067500,-0.062500,-0.231343
-0.067500,-0.060000,-0.241565
-0.067500,-0.057500,-0.255349
-0.067500,-0.055000,-0.274596
-0.067500,-0.052500,-0.300775
-0.067500,-0.050000,-0.334491
-0.067500,-0.047500,-0.375180
-0.067500,-0.045000,-0.421108
-0.067500,-0.042500,-0.469672
-0.067500,-0.040000,-0.517865
-0.067500,-0.037500,-0.562687
-0.067500,-0.035000,-0.601432
-0.067500,-0.032500,-0.631840
-0.067500,-0.030000,-0.652157
-0.067500,-0.027500,-0.661149
-0.067500,-0.025000,-0.658091
-0.067500,-0.022500,-0.642740
-0.067500,-0.020000,-0.615313
-0.067500,-0.017500,-0.576457
-0.067500,-0.015000,-0.527232
-0.067500,-0.012500,-0.469112
-0.067500,-0.010000,-0.404052
-0.067500,-0.007500,-0.334739
-0.067500,-0.005000,-0.265495
-0.067500,-0.002500,-0.205792
-0.067500,0.000000,-0.180553
-0.067500,0.002500,-0.214578
-0.067500,0.005000,-0.283198
-0.067500,0.007500,-0.361609
-0.067500,0.010000,-0.440452
-0.067500,0.012500,-0.515495
-0.067500,0.015000,-0.584121
-0.067500,0.017500,-0.644417
-0.067500,0.020000,-0.694917
-0.067500,0.022500,-0.734543
-0.067500,0.025000,-0.762592
-0.067500,0.027500,-0.778764
-0.067500,0.030000,-0.783184
-0.067500,0.032500,-0.776432
-0.067500,0.035000,-0.759564
-0.067500,0.037500,-0.734120
-0.067500,0.040000,-0.702093
-0.067500,0.042500,-0.665849
-0.067500,0.045000,-0.627942
-0.067500,0.047500,-0.590812
-0.067500,0.050000,-0.556398
-0.067500,0.052500,-0.525767
-0.067500,0.055000,-0.498933
-0.067500,0.057500,-0.474949
-0.067500,0.060000,-0.452227
-0.067500,0.062500,-0.428918
-0.067500,0.065000,-0.403230
-0.067500,0.067500,-0.373619
-0.065000,-0.070000,-0.188125
-0.065000,-0.067500,-0.190728
-0.065000,-0.065000,-0.190810
-0.065000,-0.062500,-0.190096
-0.065000,-0.060000,-0.190785
-0.065000,-0.057500,-0.195481
-0.065000,-0.055000,-0.206952
-0.065000,-0.052500,-0.227585
-0.065000,-0.050000,-0.258640
-0.065000,-0.047500,-0.299632
-0.065000,-0.045000,-0.348306
-0.065000,-0.042500,-0.401231
-0.065000,-0.040000,-0.454591
-0.065000,-0.037500,-0.504794
-0.065000,-0.035000,-0.548777
-0.065000,-0.032500,-0.584114
-0.065000,-0.030000,-0.609015
-0.065000,-0.027500,-0.622291
-0.065000,-0.025000,-0.623318
-0.065000,-0.022500,-0.611992
-0.065000,-0.020000,-0.588711
-0.065000,-0.017500,-0.554347
-0.065000,-0.015000,-0.510265
-0.065000,-0.012500,-0.458367
-0.065000,-0.010000,-0.401268
-0.065000,-0.007500,-0.342706
-0.065000,-0.005000,-0.288509
-0.065000,-0.002500,-0.248351
-0.065000,0.000000,-0.235833
-0.065000,0.002500,-0.258895
-0.065000,0.005000,-0.309732
-0.065000,0.007500,-0.374868
-0.065000,0.010000,-0.444746
-0.065000,0.012500,-0.513629
-0.065000,0.015000,-0.577851
-0.065000,0.017500,-0.634842
-0.065000,0.020000,-0.682707
-0.065000,0.022500,-0.720063
-0.065000,0.025000,-0.745982
-0.065000,0.027500,-0.759984
-0.065000,0.030000,-0.762061
-0.065000,0.032500,-0.752702
-0.065000,0.035000,-0.732942
-0.065000,0.037500,-0.704390
-0.065000,0.040000,-0.669256
-0.065000,0.042500,-0.630310
-0.065000,0.045000,-0.590716
-0.065000,0.047500,-0.553657
-0.065000,0.050000,-0.521724
-0.065000,0.052500,-0.496263
-0.065000,0.055000,-0.477022
-0.065000,0.057500,-0.462350
-0.065000,0.060000,-0.449790
-0.065000,0.062500,-0.436717
-0.065000,0.065000,-0.420753
-0.065000,0.067500,-0.399979
-0.062500,-0.070000,-0.176903
-0.062500,-0.067500,-0.171709
-0.062500,-0.065000,-0.162859
-0.062500,-0.062500,-0.152211
-0.062500,-0.060000,-0.142302
-0.062500,-0.057500,-0.136436
-0.062500,-0.055000,-0.138536
-0.062500,-0.052500,-0.152466
-0.062500,-0.050000,-0.180653
-0.062500,-0.047500,-0.222734
-0.062500,-0.045000,-0.275471
-0.062500,-0.042500,-0.334039
-0.062500,-0.040000,-0.393496
-0.062500,-0.037500,-0.449590
-0.062500,-0.035000,-0.498979
-0.062500,-0.032500,-0.539188
-0.062500,-0.030000,-0.568505
-0.062500,-0.027500,-0.585887
-0.062500,-0.025000,-0.590885
-0.062500,-0.022500,-0.583604
-0.062500,-0.020000,-0.564673
-0.062500,-0.017500,-0.535234
-0.062500,-0.015000,-0.496969
-0.062500,-0.012500,-0.452175
-0.062500,-0.010000,-0.403922
-0.062500,-0.007500,-0.356367
-0.062500,-0.005000,-0.315181
-0.062500,-0.002500,-0.287692
-0.062500,0.000000,-0.281355
-0.062500,0.002500,-0.299624
-0.062500,0.005000,-0.339185
-0.062500,0.007500,-0.392719
-0.062500,0.010000,-0.453018
-0.062500,0.012500,-0.514511
-0.062500,0.015000,-0.573116
-0.062500,0.017500,-0.625806
-0.062500,0.020000,-0.670297
-0.062500,0.022500,-0.704885
-0.062500,0.025000,-0.728373
-0.062500,0.027500,-0.740047
-0.062500,0.030000,-0.739694
-0.062500,0.032500,-0.727635
-0.062500,0.035000,-0.704782
-0.062500,0.037500,-0.672712
-0.062500,0.040000,-0.633761
-0.062500,0.042500,-0.591086
-0.062500,0.045000,-0.548611
-0.062500,0.047500,-0.510632
-0.062500,0.050000,-0.480880
-0.062500,0.052500,-0.461253
-0.062500,0.055000,-0.451053
-0.062500,0.057500,-0.447441
-0.062500,0.060000,-0.446659
-0.062500,0.062500,-0.445077
-0.062500,0.065000,-0.439705
-0.062500,0.067500,-0.428299
-0.060000,-0.070000,-0.171986
-0.060000,-0.067500,-0.159496
-0.060000,-0.065000,-0.141931
-0.060000,-0.062500,-0.121098
-0.060000,-0.060000,-0.099661
-0.060000,-0.057500,-0.081492
-0.060000,-0.055000,-0.071938
-0.060000,-0.052500,-0.077290
-0.060000,-0.050000,-0.102331
-0.060000,-0.047500,-0.146923
-0.060000,-0.045000,-0.205730
-0.060000,-0.042500,-0.271505
-0.060000,-0.040000,-0.337844
-0.060000,-0.037500,-0.399942
-0.060000,-0.035000,-0.454402
-0.060000,-0.032500,-0.498902
-0.060000,-0.030000,-0.531952
-0.060000,-0.027500,-0.552751
-0.060000,-0.025000,-0.561099
-0.060000,-0.022500,-0.557347
-0.060000,-0.020000,-0.542376
-0.060000,-0.017500,-0.517587
-0.060000,-0.015000,-0.484928
-0.060000,-0.012500,-0.446940
-0.060000,-0.010000,-0.406858
-0.060000,-0.007500,-0.368713
-0.060000,-0.005000,-0.337356
-0.060000,-0.002500,-0.318059
-0.060000,0.000000,-0.315308
-0.060000,0.002500,-0.330970
-0.060000,0.005000,-0.363329
-0.060000,0.007500,-0.408045
-0.060000,0.010000,-0.459974
-0.060000,0.012500,-0.514373
-0.060000,0.015000,-0.567291
-0.060000,0.017500,-0.615542
-0.060000,0.020000,-0.656597
-0.060000,0.022500,-0.688487
-0.060000,0.025000,-0.709750
-0.060000,0.027500,-0.719417
-0.060000,0.030000,-0.717023
-0.060000,0.032500,-0.702641
-0.060000,0.035000,-0.676951
-0.060000,0.037500,-0.641347
-0.060000,0.040000,-0.598104
-0.060000,0.042500,-0.550619
-0.060000,0.045000,-0.503632
-0.060000,0.047500,-0.463080
-0.060000,0.050000,-0.434811
-0.060000,0.052500,-0.421926
-0.060000,0.055000,-0.422864
-0.060000,0.057500,-0.432597
-0.060000,0.060000,-0.445374
-0.060000,0.062500,-0.456397
-0.060000,0.065000,-0.462166
-0.060000,0.067500,-0.460285
-0.057500,-0.070000,-0.175536
-0.057500,-0.067500,-0.156789
-0.057500,-0.065000,-0.131363
-0.057500,-0.062500,-0.100786
-0.057500,-0.060000,-0.067454
-0.057500,-0.057500,-0.035268
-0.057500,-0.055000,-0.010783
-0.057500,-0.052500,-0.004147
-0.057500,-0.050000,-0.025612
-0.057500,-0.047500,-0.075571
-0.057500,-0.045000,-0.143538
-0.057500,-0.042500,-0.218113
-0.057500,-0.040000,-0.291530
-0.057500,-0.037500,-0.358975
-0.057500,-0.035000,-0.417418
-0.057500,-0.032500,-0.464945
-0.057500,-0.030000,-0.500434
-0.057500,-0.027500,-0.523402
-0.057500,-0.025000,-0.533936
-0.057500,-0.022500,-0.532647
-0.057500,-0.020000,-0.520657
-0.057500,-0.017500,-0.499586
-0.057500,-0.015000,-0.471562
-0.057500,-0.012500,-0.439233
-0.057500,-0.010000,-0.405774
-0.057500,-0.007500,-0.374860
-0.057500,-0.005000,-0.350488
-0.057500,-0.002500,-0.336537
-0.057500,0.000000,-0.335979
-0.057500,0.002500,-0.349995
-0.057500,0.005000,-0.377568
-0.057500,0.007500,-0.415886
-0.057500,0.010000,-0.461211
-0.057500,0.012500,-0.509661
-0.057500,0.015000,-0.557654
-0.057500,0.017500,-0.602065
-0.057500,0.020000,-0.640264
-0.057500,0.022500,-0.670098
-0.057500,0.025000,-0.689881
-0.057500,0.027500,-0.698394
-0.057500,0.030000,-0.694896
-0.057500,0.032500,-0.679160
-0.057500,0.035000,-0.651533
-0.057500,0.037500,-0.613046
-0.057500,0.040000,-0.565628
-0.057500,0.042500,-0.512511
-0.057500,0.045000,-0.458937
-0.057500,0.047500,-0.412965
-0.057500,0.050000,-0.384579
-0.057500,0.052500,-0.379918
-0.057500,0.055000,-0.395364
-0.057500,0.057500,-0.421403
-0.057500,0.060000,-0.449432
-0.057500,0.062500,-0.473679
-0.057500,0.065000,-0.490538
-0.057500,0.067500,-0.497774
-0.055000,-0.070000,-0.189438
-0.055000,-0.067500,-0.166087
-0.055000,-0.065000,-0.134504
-0.055000,-0.062500,-0.095767
-0.055000,-0.060000,-0.051576
-0.055000,-0.057500,-0.004849
-0.055000,-0.055000,0.038447
-0.055000,-0.052500,0.064066
-0.055000,-0.050000,0.047070
-0.055000,-0.047500,-0.014778
-0.055000,-0.045000,-0.095945
-0.055000,-0.042500,-0.179782
-0.055000,-0.040000,-0.258981
-0.055000,-0.037500,-0.329842
-0.055000,-0.035000,-0.390187
-0.055000,-0.032500,-0.438698
-0.055000,-0.030000,-0.474690
-0.055000,-0.027500,-0.498022
-0.055000,-0.025000,-0.509061
-0.055000,-0.022500,-0.508664
-0.055000,-0.020000,-0.498158
-0.055000,-0.017500,-0.479332
-0.055000,-0.015000,-0.454419
-0.055000,-0.012500,-0.426070
-0.055000,-0.010000,-0.397302
-0.055000,-0.007500,-0.371392
-0.055000,-0.005000,-0.351653
-0.055000,-0.002500,-0.341064
-0.055000,0.000000,-0.341773
-0.055000,0.002500,-0.354620
-0.055000,0.005000,-0.378946
-0.055000,0.007500,-0.412780
-0.055000,0.010000,-0.453298
-0.055000,0.012500,-0.497319
-0.055000,0.015000,-0.541666
-0.055000,0.017500,-0.583383
-0.055000,0.020000,-0.619838
-0.055000,0.022500,-0.648774
-0.055000,0.025000,-0.668331
-0.055000,0.027500,-0.677069
-0.055000,0.030000,-0.673982
-0.055000,0.032500,-0.658529
-0.055000,0.035000,-0.630669
-0.055000,0.037500,-0.590942
-0.055000,0.040000,-0.540633
-0.055000,0.042500,-0.482161
-0.055000,0.045000,-0.420122
-0.055000,0.047500,-0.363927
-0.055000,0.050000,-0.331389
-0.055000,0.052500,-0.338066
-0.055000,0.055000,-0.373880
-0.055000,0.057500,-0.419464
-0.055000,0.060000,-0.463489
-0.055000,0.062500,-0.500432
-0.055000,0.065000,-0.527352
-0.055000,0.067500,-0.542539
-0.052500,-0.070000,-0.215026
-0.052500,-0.067500,-0.189304
-0.052500,-0.065000,-0.154160
-0.052500,-0.062500,-0.110294
-0.052500,-0.060000,-0.058686
-0.052500,-0.057500,-0.000726
-0.052500,-0.055000,0.061191
-0.052500,-0.052500,0.118719
-0.052500,-0.050000,0.109232
-0.052500,-0.047500,0.020765
-0.052500,-0.045000,-0.073935
-0.052500,-0.042500,-0.163427
-0.052500,-0.040000,-0.244478
-0.052500,-0.037500,-0.315195
-0.052500,-0.035000,-0.374301
-0.052500,-0.032500,-0.421008
-0.052500,-0.030000,-0.454996
-0.052500,-0.027500,-0.476404
-0.052500,-0.025000,-0.485836
-0.052500,-0.022500,-0.484344
-0.052500,-0.020000,-0.473422
-0.052500,-0.017500,-0.454975
-0.052500,-0.015000,-0.431283
-0.052500,-0.012500,-0.404950
-0.052500,-0.010000,-0.378812
-0.052500,-0.007500,-0.355799
-0.052500,-0.005000,-0.338720
-0.052500,-0.002500,-0.329978
-0.052500,0.000000,-0.331244
-0.052500,0.002500,-0.343178
-0.052500,0.005000,-0.365321
-0.052500,0.007500,-0.396201
-0.052500,0.010000,-0.433588
-0.052500,0.012500,-0.474822
-0.052500,0.015000,-0.517087
-0.052500,0.017500,-0.557620
-0.052500,0.020000,-0.593844
-0.052500,0.022500,-0.623453
-0.052500,0.025000,-0.644469
-0.052500,0.027500,-0.655272
-0.052500,0.030000,-0.654636
-0.052500,0.032500,-0.641742
-0.052500,0.035000,-0.616204
-0.052500,0.037500,-0.578090
-0.052500,0.040000,-0.527969
-0.052500,0.042500,-0.467050
-0.052500,0.045000,-0.397679
-0.052500,0.047500,-0.325811
-0.052500,0.050000,-0.276746
-0.052500,0.052500,-0.304396
-0.052500,0.055000,-0.369399
-0.052500,0.057500,-0.435072
-0.052500,0.060000,-0.493014
-0.052500,0.062500,-0.540167
-0.052500,0.065000,-0.574844
-0.052500,0.067500,-0.595979
-0.050000,-0.070000,-0.252826
-0.050000,-0.067500,-0.227329
-0.050000,-0.065000,-0.191839
-0.050000,-0.062500,-0.147009
-0.050000,-0.060000,-0.093745
-0.050000,-0.057500,-0.033289
-0.050000,-0.055000,0.032406
-0.050000,-0.052500,0.097116
-0.050000,-0.050000,0.092211
-0.050000,-0.047500,0.002788
-0.050000,-0.045000,-0.088983
-0.050000,-0.042500,-0.174349
-0.050000,-0.040000,-0.250696
-0.050000,-0.037500,-0.316396
-0.050000,-0.035000,-0.370359
-0.050000,-0.032500,-0.411963
-0.050000,-0.030000,-0.441049
-0.050000,-0.027500,-0.457918
-0.050000,-0.025000,-0.463327
-0.050000,-0.022500,-0.458470
-0.050000,-0.020000,-0.444956
-0.050000,-0.017500,-0.424767
-0.050000,-0.015000,-0.400202
-0.050000,-0.012500,-0.373799
-0.050000,-0.010000,-0.348230
-0.050000,-0.007500,-0.326155
-0.050000,-0.005000,-0.310033
-0.050000,-0.002500,-0.301895
-0.050000,0.000000,-0.303127
-0.050000,0.002500,-0.314288
-0.050000,0.005000,-0.335047
-0.050000,0.007500,-0.364237
-0.050000,0.010000,-0.400025
-0.050000,0.012500,-0.440121
-0.050000,0.015000,-0.481998
-0.050000,0.017500,-0.523072
-0.050000,0.020000,-0.560841
-0.050000,0.022500,-0.592988
-0.050000,0.025000,-0.617457
-0.050000,0.027500,-0.632506
-0.050000,0.030000,-0.636746
-0.050000,0.032500,-0.629174
-0.050000,0.035000,-0.609184
-0.050000,0.037500,-0.576580
-0.050000,0.040000,-0.531575
-0.050000,0.042500,-0.474779
-0.050000,0.045000,-0.407193
-0.050000,0.047500,-0.330273
-0.050000,0.050000,-0.249393
-0.050000,0.052500,-0.315064
-0.050000,0.055000,-0.400802
-0.050000,0.057500,-0.477298
-0.050000,0.060000,-0.542631
-0.050000,0.062500,-0.595355
-0.050000,0.065000,-0.634336
-0.050000,0.067500,-0.658745
-0.047500,-0.070000,-0.302386
-0.047500,-0.067500,-0.279721
-0.047500,-0.065000,-0.247136
-0.047500,-0.062500,-0.205583
-0.047500,-0.060000,-0.156601
-0.047500,-0.057500,-0.102877
-0.047500,-0.055000,-0.050043
-0.047500,-0.052500,-0.012562
-0.047500,-0.050000,-0.018705
-0.047500,-0.047500,-0.071331
-0.047500,-0.045000,-0.141503
-0.047500,-0.042500,-0.212365
-0.047500,-0.040000,-0.277208
-0.047500,-0.037500,-0.332874
-0.047500,-0.035000,-0.377671
-0.047500,-0.032500,-0.410757
-0.047500,-0.030000,-0.431923
-0.047500,-0.027500,-0.441505
-0.047500,-0.025000,-0.440335
-0.047500,-0.022500,-0.429696
-0.047500,-0.020000,-0.411274
-0.047500,-0.017500,-0.387103
-0.047500,-0.015000,-0.359486
-0.047500,-0.012500,-0.330906
-0.047500,-0.010000,-0.303909
-0.047500,-0.007500,-0.280963
-0.047500,-0.005000,-0.264288
-0.047500,-0.002500,-0.255684
-0.047500,0.000000,-0.256364
-0.047500,0.002500,-0.266835
-0.047500,0.005000,-0.286846
-0.047500,0.007500,-0.315432
-0.047500,0.010000,-0.351018
-0.047500,0.012500,-0.391576
-0.047500,0.015000,-0.434794
-0.047500,0.017500,-0.478233
-0.047500,0.020000,-0.519463
-0.047500,0.022500,-0.556174
-0.047500,0.025000,-0.586264
-0.047500,0.027500,-0.607914
-0.047500,0.030000,-0.619643
-0.047500,0.032500,-0.620358
-0.047500,0.035000,-0.609397
-0.047500,0.037500,-0.586580
-0.047500,0.040000,-0.552302
-0.047500,0.042500,-0.507753
-0.047500,0.045000,-0.455655
-0.047500,0.047500,-0.403283
-0.047500,0.050000,-0.375106
-0.047500,0.052500,-0.408774
-0.047500,0.055000,-0.477560
-0.047500,0.057500,-0.549196
-0.047500,0.060000,-0.613386
-0.047500,0.062500,-0.666220
-0.047500,0.065000,-0.705648
-0.047500,0.067500,-0.730433
-0.045000,-0.070000,-0.362283
-0.045000,-0.067500,-0.344706
-0.045000,-0.065000,-0.317702
-0.045000,-0.062500,-0.282631
-0.045000,-0.060000,-0.241722
-0.045000,-0.057500,-0.198749
-0.045000,-0.055000,-0.160318
-0.045000,-0.052500,-0.137209
-0.045000,-0.050000,-0.140935
-0.045000,-0.047500,-0.172193
-0.045000,-0.045000,-0.219627
-0.045000,-0.042500,-0.271510
-0.045000,-0.040000,-0.320413
-0.045000,-0.037500,-0.362119
-0.045000,-0.035000,-0.394285
-0.045000,-0.032500,-0.415735
-0.045000,-0.030000,-0.426116
-0.045000,-0.027500,-0.425735
-0.045000,-0.025000,-0.415451
-0.045000,-0.022500,-0.396604
-0.045000,-0.020000,-0.370940
-0.045000,-0.017500,-0.340533
-0.045000,-0.015000,-0.307699
-0.045000,-0.012500,-0.274887
-0.045000,-0.010000,-0.244565
-0.045000,-0.007500,-0.219075
-0.045000,-0.005000,-0.200493
-0.045000,-0.002500,-0.190479
-0.045000,0.000000,-0.190146
-0.045000,0.002500,-0.199975
-0.045000,0.005000,-0.219775
-0.045000,0.007500,-0.248709
-0.045000,0.010000,-0.285373
-0.045000,0.012500,-0.327915
-0.045000,0.015000,-0.374173
-0.045000,0.017500,-0.421810
-0.045000,0.020000,-0.468450
-0.045000,0.022500,-0.511789
-0.045000,0.025000,-0.549699
-0.045000,0.027500,-0.580311
-0.045000,0.030000,-0.602098
-0.045000,0.032500,-0.613950
-0.045000,0.035000,-0.615251
-0.045000,0.037500,-0.606004
-0.045000,0.040000,-0.587036
-0.045000,0.042500,-0.560436
-0.045000,0.045000,-0.530585
-0.045000,0.047500,-0.506307
-0.045000,0.050000,-0.502549
-0.045000,0.052500,-0.530845
-0.045000,0.055000,-0.583397
-0.045000,0.057500,-0.643961
-0.045000,0.060000,-0.701560
-0.045000,0.062500,-0.750300
-0.045000,0.065000,-0.786917
-0.045000,0.067500,-0.809505
-0.042500,-0.070000,-0.430301
-0.042500,-0.067500,-0.419482
-0.042500,-0.065000,-0.399847
-0.042500,-0.062500,-0.373009
-0.042500,-0.060000,-0.341479
-0.042500,-0.057500,-0.309070
-0.042500,-0.055000,-0.281272
-0.042500,-0.052500,-0.264827
-0.042500,-0.050000,-0.265110
-0.042500,-0.047500,-0.282266
-0.042500,-0.045000,-0.310894
-0.042500,-0.042500,-0.343805
-0.042500,-0.040000,-0.375000
-0.042500,-0.037500,-0.400360
-0.042500,-0.035000,-0.417346
-0.042500,-0.032500,-0.424608
-0.042500,-0.030000,-0.421704
-0.042500,-0.027500,-0.408920
-0.042500,-0.025000,-0.387147
-0.042500,-0.022500,-0.357778
-0.042500,-0.020000,-0.322620
-0.042500,-0.017500,-0.283803
-0.042500,-0.015000,-0.243670
-0.042500,-0.012500,-0.204675
-0.042500,-0.010000,-0.169252
-0.042500,-0.007500,-0.139684
-0.042500,-0.005000,-0.117971
-0.042500,-0.002500,-0.105700
-0.042500,0.000000,-0.103938
-0.042500,0.002500,-0.113160
-0.042500,0.005000,-0.133216
-0.042500,0.007500,-0.163351
-0.042500,0.010000,-0.202268
-0.042500,0.012500,-0.248222
-0.042500,0.015000,-0.299141
-0.042500,0.017500,-0.352749
-0.042500,0.020000,-0.406693
-0.042500,0.022500,-0.458661
-0.042500,0.025000,-0.506493
-0.042500,0.027500,-0.548280
-0.042500,0.030000,-0.582461
-0.042500,0.032500,-0.607920
-0.042500,0.035000,-0.624102
-0.042500,0.037500,-0.631164
-0.042500,0.040000,-0.630210
-0.042500,0.042500,-0.623691
-0.042500,0.045000,-0.615988
-0.042500,0.047500,-0.613891
-0.042500,0.050000,-0.625421
-0.042500,0.052500,-0.655112
-0.042500,0.055000,-0.699693
-0.042500,0.057500,-0.750862
-0.042500,0.060000,-0.800612
-0.042500,0.062500,-0.843218
-0.042500,0.065000,-0.874958
-0.042500,0.067500,-0.893477
-0.040000,-0.070000,-0.503720
-0.040000,-0.067500,-0.500690
-0.040000,-0.065000,-0.489338
-0.040000,-0.062500,-0.471294
-0.040000,-0.060000,-0.448921
-0.040000,-0.057500,-0.425456
-0.040000,-0.055000,-0.404918
-0.040000,-0.052500,-0.391440
-0.040000,-0.050000,-0.387810
-0.040000,-0.047500,-0.393974
-0.040000,-0.045000,-0.406944
-0.040000,-0.042500,-0.422258
-0.040000,-0.040000,-0.435565
-0.040000,-0.037500,-0.443450
-0.040000,-0.035000,-0.443615
-0.040000,-0.032500,-0.434784
-0.040000,-0.030000,-0.416557
-0.040000,-0.027500,-0.389272
-0.040000,-0.025000,-0.353888
-0.040000,-0.022500,-0.311883
-0.040000,-0.020000,-0.265147
-0.040000,-0.017500,-0.215889
-0.040000,-0.015000,-0.166517
-0.040000,-0.012500,-0.119524
-0.040000,-0.010000,-0.077364
-0.040000,-0.007500,-0.042318
-0.040000,-0.005000,-0.016368
-0.040000,-0.002500,-0.001084
-0.040000,0.000000,0.002478
-0.040000,0.002500,-0.006166
-0.040000,0.005000,-0.026896
-0.040000,0.007500,-0.059004
-0.040000,0.010000,-0.101248
-0.040000,0.012500,-0.151937
-0.040000,0.015000,-0.209032
-0.040000,0.017500,-0.270272
-0.040000,0.020000,-0.333292
-0.040000,0.022500,-0.395743
-0.040000,0.025000,-0.455412
-0.040000,0.027500,-0.510330
-0.040000,0.030000,-0.558881
-0.040000,0.032500,-0.599909
-0.040000,0.035000,-0.632846
-0.040000,0.037500,-0.657853
-0.040000,0.040000,-0.676009
-0.040000,0.042500,-0.689528
-0.040000,0.045000,-0.701909
-0.040000,0.047500,-0.717695
-0.040000,0.050000,-0.741272
-0.040000,0.052500,-0.774685
-0.040000,0.055000,-0.816165
-0.040000,0.057500,-0.861022
-0.040000,0.060000,-0.903844
-0.040000,0.062500,-0.939976
-0.040000,0.065000,-0.965937
-0.040000,0.067500,-0.979311
-0.037500,-0.070000,-0.579612
-0.037500,-0.067500,-0.584842
-0.037500,-0.065000,-0.582023
-0.037500,-0.062500,-0.572601
-0.037500,-0.060000,-0.558544
-0.037500,-0.057500,-0.542327
-0.037500,-0.055000,-0.526717
-0.037500,-0.052500,-0.514248
-0.037500,-0.050000,-0.506433
-0.037500,-0.047500,-0.503114
-0.037500,-0.045000,-0.502452
-0.037500,-0.042500,-0.501578
-0.037500,-0.040000,-0.497458
-0.037500,-0.037500,-0.487514
-0.037500,-0.035000,-0.469924
-0.037500,-0.032500,-0.443684
-0.037500,-0.030000,-0.408572
-0.037500,-0.027500,-0.365069
-0.037500,-0.025000,-0.314266
-0.037500,-0.022500,-0.257767
-0.037500,-0.020000,-0.197588
-0.037500,-0.017500,-0.136054
-0.037500,-0.015000,-0.075675
-0.037500,-0.012500,-0.019035
-0.037500,-0.010000,0.031347
-0.037500,-0.007500,0.073136
-0.037500,-0.005000,0.104314
-0.037500,-0.002500,0.123287
-0.037500,0.000000,0.128976
-0.037500,0.002500,0.120879
-0.037500,0.005000,0.099095
-0.037500,0.007500,0.064311
-0.037500,0.010000,0.017758
-0.037500,0.012500,-0.038875
-0.037500,0.015000,-0.103536
-0.037500,0.017500,-0.173926
-0.037500,0.020000,-0.247625
-0.037500,0.022500,-0.322210
-0.037500,0.025000,-0.395382
-0.037500,0.027500,-0.465072
-0.037500,0.030000,-0.529562
-0.037500,0.032500,-0.587594
-0.037500,0.035000,-0.638479
-0.037500,0.037500,-0.682217
-0.037500,0.040000,-0.719608
-0.037500,0.042500,-0.752313
-0.037500,0.045000,-0.782786
-0.037500,0.047500,-0.813886
-0.037500,0.050000,-0.848051
-0.037500,0.052500,-0.886235
-0.037500,0.055000,-0.927295
-0.037500,0.057500,-0.968340
-0.037500,0.060000,-1.005715
-0.037500,0.062500,-1.035906
-0.037500,0.065000,-1.056001
-0.037500,0.067500,-1.063815
-0.035000,-0.070000,-0.655084
-0.035000,-0.067500,-0.668613
-0.035000,-0.065000,-0.674148
-0.035000,-0.062500,-0.672825
-0.035000,-0.060000,-0.666112
-0.035000,-0.057500,-0.655743
-0.035000,-0.055000,-0.643512
-0.035000,-0.052500,-0.630923
-0.035000,-0.050000,-0.618766
-0.035000,-0.047500,-0.606809
-0.035000,-0.045000,-0.593821
-0.035000,-0.042500,-0.577904
-0.035000,-0.040000,-0.556993
-0.035000,-0.037500,-0.529279
-0.035000,-0.035000,-0.493488
-0.035000,-0.032500,-0.448999
-0.035000,-0.030000,-0.395873
-0.035000,-0.027500,-0.334815
-0.035000,-0.025000,-0.267113
-0.035000,-0.022500,-0.194551
-0.035000,-0.020000,-0.119317
-0.035000,-0.017500,-0.043894
-0.035000,-0.015000,0.029057
-0.035000,-0.012500,0.096818
-0.035000,-0.010000,0.156747
-0.035000,-0.007500,0.206408
-0.035000,-0.005000,0.243699
-0.035000,-0.002500,0.266958
-0.035000,0.000000,0.275059
-0.035000,0.002500,0.267470
-0.035000,0.005000,0.244276
-0.035000,0.007500,0.206174
-0.035000,0.010000,0.154417
-0.035000,0.012500,0.090743
-0.035000,0.015000,0.017268
-0.035000,0.017500,-0.063625
-0.035000,0.020000,-0.149412
-0.035000,0.022500,-0.237553
-0.035000,0.025000,-0.325613
-0.035000,0.027500,-0.411383
-0.035000,0.030000,-0.492986
-0.035000,0.032500,-0.568984
-0.035000,0.035000,-0.638473
-0.035000,0.037500,-0.701167
-0.035000,0.040000,-0.757441
-0.035000,0.042500,-0.808319
-0.035000,0.045000,-0.855322
-0.035000,0.047500,-0.900136
-0.035000,0.050000,-0.944080
-0.035000,0.052500,-0.987549
-0.035000,0.055000,-1.029721
-0.035000,0.057500,-1.068700
-0.035000,0.060000,-1.102004
-0.035000,0.062500,-1.127077
-0.035000,0.065000,-1.141662
-0.035000,0.067500,-1.143962
-0.032500,-0.070000,-0.727444
-0.032500,-0.067500,-0.749015
-0.032500,-0.065000,-0.762487
-0.032500,-0.062500,-0.768617
-0.032500,-0.060000,-0.768356
-0.032500,-0.057500,-0.762768
-0.032500,-0.055000,-0.752891
-0.032500,-0.052500,-0.739513
-0.032500,-0.050000,-0.722952
-0.032500,-0.047500,-0.702909
-0.032500,-0.045000,-0.678498
-0.032500,-0.042500,-0.648446
-0.032500,-0.040000,-0.611392
-0.032500,-0.037500,-0.566176
-0.032500,-0.035000,-0.512060
-0.032500,-0.032500,-0.448851
-0.032500,-0.030000,-0.376953
-0.032500,-0.027500,-0.297359
-0.032500,-0.025000,-0.211607
-0.032500,-0.022500,-0.121712
-0.032500,-0.020000,-0.030079
-0.032500,-0.017500,0.060606
-0.032500,-0.015000,0.147483
-0.032500,-0.012500,0.227650
-0.032500,-0.010000,0.298295
-0.032500,-0.007500,0.356827
-0.032500,-0.005000,0.401011
-0.032500,-0.002500,0.429079
-0.032500,0.000000,0.439832
-0.032500,0.002500,0.432698
-0.032500,0.005000,0.407760
-0.032500,0.007500,0.365745
-0.032500,0.010000,0.307972
-0.032500,0.012500,0.236269
-0.032500,0.015000,0.152871
-0.032500,0.017500,0.060296
-0.032500,0.020000,-0.038781
-0.032500,0.022500,-0.141653
-0.032500,0.025000,-0.245709
-0.032500,0.027500,-0.348543
-0.032500,0.030000,-0.448068
-0.032500,0.032500,-0.542605
-0.032500,0.035000,-0.630961
-0.032500,0.037500,-0.712488
-0.032500,0.040000,-0.787089
-0.032500,0.042500,-0.855170
-0.032500,0.045000,-0.917492
-0.032500,0.047500,-0.974918
-0.032500,0.050000,-1.028077
-0.032500,0.052500,-1.077052
-0.032500,0.055000,-1.121214
-0.032500,0.057500,-1.159289
-0.032500,0.060000,-1.189604
-0.032500,0.062500,-1.210382
-0.032500,0.065000,-1.219990
-0.032500,0.067500,-1.217084
-0.030000,-0.070000,-0.794310
-0.030000,-0.067500,-0.823478
-0.030000,-0.065000,-0.844356
-0.030000,-0.062500,-0.857300
-0.030000,-0.060000,-0.862748
-0.030000,-0.057500,-0.861169
-0.030000,-0.055000,-0.852984
-0.030000,-0.052500,-0.838440
-0.030000,-0.050000,-0.817508
-0.030000,-0.047500,-0.789812
-0.030000,-0.045000,-0.754675
-0.030000,-0.042500,-0.711240
-0.030000,-0.040000,-0.658670
-0.030000,-0.037500,-0.596339
-0.030000,-0.035000,-0.523998
-0.030000,-0.032500,-0.441886
-0.030000,-0.030000,-0.350776
-0.030000,-0.027500,-0.251986
-0.030000,-0.025000,-0.147348
-0.030000,-0.022500,-0.039147
-0.030000,-0.020000,0.069957
-0.030000,-0.017500,0.177030
-0.030000,-0.015000,0.278971
-0.030000,-0.012500,0.372647
-0.030000,-0.010000,0.455021
-0.030000,-0.007500,0.523296
-0.030000,-0.005000,0.575056
-0.030000,-0.002500,0.608388
-0.030000,0.000000,0.621990
-0.030000,0.002500,0.615242
-0.030000,0.005000,0.588233
-0.030000,0.007500,0.541749
-0.030000,0.010000,0.477215
-0.030000,0.012500,0.396600
-0.030000,0.015000,0.302308
-0.030000,0.017500,0.197044
-0.030000,0.020000,0.083684
-0.030000,0.022500,-0.034853
-0.030000,0.025000,-0.155734
-0.030000,0.027500,-0.276317
-0.030000,0.030000,-0.394258
-0.030000,0.032500,-0.507589
-0.030000,0.035000,-0.614788
-0.030000,0.037500,-0.714811
-0.030000,0.040000,-0.807091
-0.030000,0.042500,-0.891479
-0.030000,0.045000,-0.968128
-0.030000,0.047500,-1.037309
-0.030000,0.050000,-1.099200
-0.030000,0.052500,-1.153696
-0.030000,0.055000,-1.200312
-0.030000,0.057500,-1.238207
-0.030000,0.060000,-1.266308
-0.030000,0.062500,-1.283478
-0.030000,0.065000,-1.288659
-0.030000,0.067500,-1.280975
-0.027500,-0.070000,-0.853670
-0.027500,-0.067500,-0.889879
-0.027500,-0.065000,-0.917609
-0.027500,-0.062500,-0.936800
-0.027500,-0.060000,-0.947386
-0.027500,-0.057500,-0.949294
-0.027500,-0.055000,-0.942409
-0.027500,-0.052500,-0.926537
-0.027500,-0.050000,-0.901357
-0.027500,-0.047500,-0.866412
-0.027500,-0.045000,-0.821148
-0.027500,-0.042500,-0.765004
-0.027500,-0.040000,-0.697536
-0.027500,-0.037500,-0.618562
-0.027500,-0.035000,-0.528270
-0.027500,-0.032500,-0.427306
-0.027500,-0.030000,-0.316820
-0.027500,-0.027500,-0.198472
-0.027500,-0.025000,-0.074411
-0.027500,-0.022500,0.052780
-0.027500,-0.020000,0.180156
-0.027500,-0.017500,0.304497
-0.027500,-0.015000,0.422427
-0.027500,-0.012500,0.530532
-0.027500,-0.010000,0.625502
-0.027500,-0.007500,0.704281
-0.027500,-0.005000,0.764216
-0.027500,-0.002500,0.803205
-0.027500,0.000000,0.819812
-0.027500,0.002500,0.813358
-0.027500,0.005000,0.783950
-0.027500,0.007500,0.732466
-0.027500,0.010000,0.660480
-0.027500,0.012500,0.570159
-0.027500,0.015000,0.464131
-0.027500,0.017500,0.345339
-0.027500,0.020000,0.216909
-0.027500,0.022500,0.082009
-0.027500,0.025000,-0.056266
-0.027500,0.027500,-0.195007
-0.027500,0.030000,-0.331578
-0.027500,0.032500,-0.463700
-0.027500,0.035000,-0.589498
-0.027500,0.037500,-0.707531
-0.027500,0.040000,-0.816787
-0.027500,0.042500,-0.916635
-0.027500,0.045000,-1.006738
-0.027500,0.047500,-1.086925
-0.027500,0.050000,-1.157063
-0.027500,0.052500,-1.216933
-0.027500,0.055000,-1.266172
-0.027500,0.057500,-1.304276
-0.027500,0.060000,-1.330655
-0.027500,0.062500,-1.344718
-0.027500,0.065000,-1.345947
-0.027500,0.067500,-1.333934
-0.025000,-0.070000,-0.903908
-0.025000,-0.067500,-0.946557
-0.025000,-0.065000,-0.980618
-0.025000,-0.062500,-1.005599
-0.025000,-0.060000,-1.020934
-0.025000,-0.057500,-1.026022
-0.025000,-0.055000,-1.020263
-0.025000,-0.052500,-1.003066
-0.025000,-0.050000,-0.973853
-0.025000,-0.047500,-0.932077
-0.025000,-0.045000,-0.877257
-0.025000,-0.042500,-0.809047
-0.025000,-0.040000,-0.727318
-0.025000,-0.037500,-0.632253
-0.025000,-0.035000,-0.524428
-0.025000,-0.032500,-0.404870
-0.025000,-0.030000,-0.275093
-0.025000,-0.027500,-0.137100
-0.025000,-0.025000,0.006635
-0.025000,-0.022500,0.153217
-0.025000,-0.020000,0.299393
-0.025000,-0.017500,0.441641
-0.025000,-0.015000,0.576272
-0.025000,-0.012500,0.699554
-0.025000,-0.010000,0.807856
-0.025000,-0.007500,0.897802
-0.025000,-0.005000,0.966445
-0.025000,-0.002500,1.011435
-0.025000,0.000000,1.031167
-0.025000,0.002500,1.024887
-0.025000,0.005000,0.992737
-0.025000,0.007500,0.935724
-0.025000,0.010000,0.855632
-0.025000,0.012500,0.754887
-0.025000,0.015000,0.636398
-0.025000,0.017500,0.503402
-0.025000,0.020000,0.359311
-0.025000,0.022500,0.207581
-0.025000,0.025000,0.051592
-0.025000,0.027500,-0.105457
-0.025000,0.030000,-0.260626
-0.025000,0.032500,-0.411310
-0.025000,0.035000,-0.555282
-0.025000,0.037500,-0.690720
-0.025000,0.040000,-0.816204
-0.025000,0.042500,-0.930681
-0.025000,0.045000,-1.033414
-0.025000,0.047500,-1.123892
-0.025000,0.050000,-1.201753
-0.025000,0.052500,-1.266712
-0.025000,0.055000,-1.318518
-0.025000,0.057500,-1.356951
-0.025000,0.060000,-1.381840
-0.025000,0.062500,-1.393093
-0.025000,0.065000,-1.390710
-0.025000,0.067500,-1.374767
-0.022500,-0.070000,-0.943821
-0.022500,-0.067500,-0.992309
-0.022500,-0.065000,-1.032261
-0.022500,-0.062500,-1.062721
-0.022500,-0.060000,-1.082597
-0.022500,-0.057500,-1.090758
-0.022500,-0.055000,-1.086131
-0.022500,-0.052500,-1.067751
-0.022500,-0.050000,-1.034801
-0.022500,-0.047500,-0.986642
-0.022500,-0.045000,-0.922838
-0.022500,-0.042500,-0.843211
-0.022500,-0.040000,-0.747890
-0.022500,-0.037500,-0.637370
-0.022500,-0.035000,-0.512570
-0.022500,-0.032500,-0.374866
-0.022500,-0.030000,-0.226116
-0.022500,-0.027500,-0.068654
-0.022500,-0.025000,0.094724
-0.022500,-0.022500,0.260813
-0.022500,-0.020000,0.426050
-0.022500,-0.017500,0.586596
-0.022500,-0.015000,0.738433
-0.022500,-0.012500,0.877479
-0.022500,-0.010000,0.999732
-0.022500,-0.007500,1.101436
-0.022500,-0.005000,1.179275
-0.022500,-0.002500,1.230582
-0.022500,0.000000,1.253527
-0.022500,0.002500,1.247267
-0.022500,0.005000,1.211995
-0.022500,0.007500,1.148907
-0.022500,0.010000,1.060067
-0.022500,0.012500,0.948235
-0.022500,0.015000,0.816670
-0.022500,0.017500,0.668948
-0.022500,0.020000,0.508806
-0.022500,0.022500,0.340006
-0.022500,0.025000,0.166226
-0.022500,0.027500,-0.009037
-0.022500,0.030000,-0.182539
-0.022500,0.032500,-0.351354
-0.022500,0.035000,-0.512916
-0.022500,0.037500,-0.665046
-0.022500,0.040000,-0.805952
-0.022500,0.042500,-0.934220
-0.022500,0.045000,-1.048770
-0.022500,0.047500,-1.148821
-0.022500,0.050000,-1.233833
-0.022500,0.052500,-1.303479
-0.022500,0.055000,-1.357611
-0.022500,0.057500,-1.396267
-0.022500,0.060000,-1.419662
-0.022500,0.062500,-1.428186
-0.022500,0.065000,-1.422361
-0.022500,0.067500,-1.402779
-0.020000,-0.070000,-0.972620
-0.020000,-0.067500,-1.026391
-0.020000,-0.065000,-1.071920
-0.020000,-0.062500,-1.107726
-0.020000,-0.060000,-1.132130
-0.020000,-0.057500,-1.143439
-0.020000,-0.055000,-1.140098
-0.020000,-0.052500,-1.120785
-0.020000,-0.050000,-1.084458
-0.020000,-0.047500,-1.030392
-0.020000,-0.045000,-0.958189
-0.020000,-0.042500,-0.867813
-0.020000,-0.040000,-0.759614
-0.020000,-0.037500,-0.634362
-0.020000,-0.035000,-0.493280
-0.020000,-0.032500,-0.338063
-0.020000,-0.030000,-0.170885
-0.020000,-0.027500,0.005608
-0.020000,-0.025000,0.188320
-0.020000,-0.022500,0.373745
-0.020000,-0.020000,0.558023
-0.020000,-0.017500,0.737005
-0.020000,-0.015000,0.906340
-0.020000,-0.012500,1.061578
-0.020000,-0.010000,1.198304
-0.020000,-0.007500,1.312314
-0.020000,-0.005000,1.399831
-0.020000,-0.002500,1.457770
-0.020000,0.000000,1.484000
-0.020000,0.002500,1.477557
-0.020000,0.005000,1.438721
-0.020000,0.007500,1.368954
-0.020000,0.010000,1.270707
-0.020000,0.012500,1.147166
-0.020000,0.015000,1.002011
-0.020000,0.017500,0.839203
-0.020000,0.020000,0.662824
-0.020000,0.022500,0.476948
-0.020000,0.025000,0.285547
-0.020000,0.027500,0.092407
-0.020000,0.030000,-0.098938
-0.020000,0.032500,-0.285260
-0.020000,0.035000,-0.463675
-0.020000,0.037500,-0.631677
-0.020000,0.040000,-0.787143
-0.020000,0.042500,-0.928335
-0.020000,0.045000,-1.053885
-0.020000,0.047500,-1.162777
-0.020000,0.050000,-1.254326
-0.020000,0.052500,-1.328165
-0.020000,0.055000,-1.384243
-0.020000,0.057500,-1.422829
-0.020000,0.060000,-1.444507
-0.020000,0.062500,-1.450151
-0.020000,0.065000,-1.440846
-0.020000,0.067500,-1.417758
-0.017500,-0.070000,-0.989921
-0.017500,-0.067500,-1.048515
-0.017500,-0.065000,-1.099493
-0.017500,-0.062500,-1.140732
-0.017500,-0.060000,-1.169859
-0.017500,-0.057500,-1.184555
-0.017500,-0.055000,-1.182770
-0.017500,-0.052500,-1.162839
-0.017500,-0.050000,-1.123526
-0.017500,-0.047500,-1.064038
-0.017500,-0.045000,-0.984026
-0.017500,-0.042500,-0.883586
-0.017500,-0.040000,-0.763270
-0.017500,-0.037500,-0.624096
-0.017500,-0.035000,-0.467561
-0.017500,-0.032500,-0.295646
-0.017500,-0.030000,-0.110811
-0.017500,-0.027500,0.084013
-0.017500,-0.025000,0.285457
-0.017500,-0.022500,0.489746
-0.017500,-0.020000,0.692748
-0.017500,-0.017500,0.890031
-0.017500,-0.015000,1.076928
-0.017500,-0.012500,1.248623
-0.017500,-0.010000,1.400262
-0.017500,-0.007500,1.527120
-0.017500,-0.005000,1.624841
-0.017500,-0.002500,1.689775
-0.017500,0.000000,1.719364
-0.017500,0.002500,1.712472
-0.017500,0.005000,1.669520
-0.017500,0.007500,1.592367
-0.017500,0.010000,1.483999
-0.017500,0.012500,1.348152
-0.017500,0.015000,1.189002
-0.017500,0.017500,1.010925
-0.017500,0.020000,0.818347
-0.017500,0.022500,0.615642
-0.017500,0.025000,0.407050
-0.017500,0.027500,0.196618
-0.017500,0.030000,-0.011854
-0.017500,0.032500,-0.214865
-0.017500,0.035000,-0.409246
-0.017500,0.037500,-0.592195
-0.017500,0.040000,-0.761292
-0.017500,0.042500,-0.914516
-0.017500,0.045000,-1.050239
-0.017500,0.047500,-1.167238
-0.017500,0.050000,-1.264687
-0.017500,0.052500,-1.342177
-0.017500,0.055000,-1.399724
-0.017500,0.057500,-1.437802
-0.017500,0.060000,-1.457341
-0.017500,0.062500,-1.459715
-0.017500,0.065000,-1.446637
-0.017500,0.067500,-1.419960
-0.015000,-0.070000,-0.995731
-0.015000,-0.067500,-1.058855
-0.015000,-0.065000,-1.115428
-0.015000,-0.062500,-1.162465
-0.015000,-0.060000,-1.196724
-0.015000,-0.057500,-1.215176
-0.015000,-0.055000,-1.215274
-0.015000,-0.052500,-1.195048
-0.015000,-0.050000,-1.153118
-0.015000,-0.047500,-1.088667
-0.015000,-0.045000,-1.001417
-0.015000,-0.042500,-0.891606
-0.015000,-0.040000,-0.759977
-0.015000,-0.037500,-0.607777
-0.015000,-0.035000,-0.436750
-0.015000,-0.032500,-0.249133
-0.015000,-0.030000,-0.047643
-0.015000,-0.027500,0.164542
-0.015000,-0.025000,0.383816
-0.015000,-0.022500,0.606172
-0.015000,-0.020000,0.827253
-0.015000,-0.017500,1.042389
-0.015000,-0.015000,1.246646
-0.015000,-0.012500,1.434875
-0.015000,-0.010000,1.601786
-0.015000,-0.007500,1.742070
-0.015000,-0.005000,1.850643
-0.015000,-0.002500,1.923061
-0.015000,0.000000,1.956120
-0.015000,0.002500,1.948419
-0.015000,0.005000,1.900615
-0.015000,0.007500,1.815190
-0.015000,0.010000,1.695894
-0.015000,0.012500,1.547172
-0.015000,0.015000,1.373758
-0.015000,0.017500,1.180444
-0.015000,0.020000,0.971973
-0.015000,0.022500,0.752968
-0.015000,0.025000,0.527896
-0.015000,0.027500,0.301024
-0.015000,0.030000,0.076374
-0.015000,0.032500,-0.142314
-0.015000,0.035000,-0.351621
-0.015000,0.037500,-0.548485
-0.015000,0.040000,-0.730225
-0.015000,0.042500,-0.894561
-0.015000,0.045000,-1.039635
-0.015000,0.047500,-1.164023
-0.015000,0.050000,-1.266758
-0.015000,0.052500,-1.347360
-0.015000,0.055000,-1.405873
-0.015000,0.057500,-1.442918
-0.015000,0.060000,-1.459738
-0.015000,0.062500,-1.458207
-0.015000,0.065000,-1.440751
-0.015000,0.067500,-1.410096
-0.012500,-0.070000,-0.990440
-0.012500,-0.067500,-1.058086
-0.012500,-0.065000,-1.120810
-0.012500,-0.062500,-1.174357
-0.012500,-0.060000,-1.214352
-0.012500,-0.057500,-1.236986
-0.012500,-0.055000,-1.239256
-0.012500,-0.052500,-1.218977
-0.012500,-0.050000,-1.174710
-0.012500,-0.047500,-1.105678
-0.012500,-0.045000,-1.011712
-0.012500,-0.042500,-0.893208
-0.012500,-0.040000,-0.751102
-0.012500,-0.037500,-0.586851
-0.012500,-0.035000,-0.402424
-0.012500,-0.032500,-0.200285
-0.012500,-0.030000,0.016628
-0.012500,-0.027500,0.244928
-0.012500,-0.025000,0.480808
-0.012500,-0.022500,0.720084
-0.012500,-0.020000,0.958226
-0.012500,-0.017500,1.190396
-0.012500,-0.015000,1.411473
-0.012500,-0.012500,1.616059
-0.012500,-0.010000,1.798487
-0.012500,-0.007500,1.952846
-0.012500,-0.005000,2.073150
-0.012500,-0.002500,2.153809
-0.012500,0.000000,2.190550
-0.012500,0.002500,2.181522
-0.012500,0.005000,2.127811
-0.012500,0.007500,2.032943
-0.012500,0.010000,1.901794
-0.012500,0.012500,1.739692
-0.012500,0.015000,1.551951
-0.012500,0.017500,1.343726
-0.012500,0.020000,1.119992
-0.012500,0.022500,0.885549
-0.012500,0.025000,0.645022
-0.012500,0.027500,0.402841
-0.012500,0.030000,0.163206
-0.012500,0.032500,-0.069947
-0.012500,0.035000,-0.292989
-0.012500,0.037500,-0.502632
-0.012500,0.040000,-0.695965
-0.012500,0.042500,-0.870481
-0.012500,0.045000,-1.024103
-0.012500,0.047500,-1.155217
-0.012500,0.050000,-1.262695
-0.012500,0.052500,-1.345951
-0.012500,0.055000,-1.404990
-0.012500,0.057500,-1.440498
-0.012500,0.060000,-1.453936
-0.012500,0.062500,-1.447640
-0.012500,0.065000,-1.424824
-0.012500,0.067500,-1.389355
-0.010000,-0.070000,-0.974799
-0.010000,-0.067500,-1.047486
-0.010000,-0.065000,-1.117560
-0.010000,-0.062500,-1.178728
-0.010000,-0.060000,-1.225164
-0.010000,-0.057500,-1.252301
-0.010000,-0.055000,-1.256843
-0.010000,-0.052500,-1.236551
-0.010000,-0.050000,-1.190049
-0.010000,-0.047500,-1.116683
-0.010000,-0.045000,-1.016440
-0.010000,-0.042500,-0.889890
-0.010000,-0.040000,-0.738160
-0.010000,-0.037500,-0.562905
-0.010000,-0.035000,-0.366296
-0.010000,-0.032500,-0.150992
-0.010000,-0.030000,0.079882
-0.010000,-0.027500,0.322764
-0.010000,-0.025000,0.573696
-0.010000,-0.022500,0.828361
-0.010000,-0.020000,1.082123
-0.010000,-0.017500,1.330059
-0.010000,-0.015000,1.566967
-0.010000,-0.012500,1.787344
-0.010000,-0.010000,1.985300
-0.010000,-0.007500,2.154430
-0.010000,-0.005000,2.287724
-0.010000,-0.002500,2.377902
-0.010000,0.000000,2.418787
-0.010000,0.002500,2.407621
-0.010000,0.005000,2.346378
-0.010000,0.007500,2.240472
-0.010000,0.010000,2.096453
-0.010000,0.012500,1.920652
-0.010000,0.015000,1.718869
-0.010000,0.017500,1.496465
-0.010000,0.020000,1.258509
-0.010000,0.022500,1.009873
-0.010000,0.025000,0.755261
-0.010000,0.027500,0.499202
-0.010000,0.030000,0.246026
-0.010000,0.032500,-0.000180
-0.010000,0.035000,-0.235612
-0.010000,0.037500,-0.456796
-0.010000,0.040000,-0.660621
-0.010000,0.042500,-0.844376
-0.010000,0.045000,-1.005789
-0.010000,0.047500,-1.143052
-0.010000,0.050000,-1.254865
-0.010000,0.052500,-1.340488
-0.010000,0.055000,-1.399807
-0.010000,0.057500,-1.433447
-0.010000,0.060000,-1.442927
-0.010000,0.062500,-1.430882
-0.010000,0.065000,-1.401293
-0.010000,0.067500,-1.359498
-0.007500,-0.070000,-0.949948
-0.007500,-0.067500,-1.029266
-0.007500,-0.065000,-1.108878
-0.007500,-0.062500,-1.179091
-0.007500,-0.060000,-1.232475
-0.007500,-0.057500,-1.264041
-0.007500,-0.055000,-1.270542
-0.007500,-0.052500,-1.249927
-0.007500,-0.050000,-1.201025
-0.007500,-0.047500,-1.123387
-0.007500,-0.045000,-1.017190
-0.007500,-0.042500,-0.883193
-0.007500,-0.040000,-0.722704
-0.007500,-0.037500,-0.537560
-0.007500,-0.035000,-0.330105
-0.007500,-0.032500,-0.103164
-0.007500,-0.030000,0.139982
-0.007500,-0.027500,0.395637
-0.007500,-0.025000,0.659728
-0.007500,-0.022500,0.927852
-0.007500,-0.020000,1.195326
-0.007500,-0.017500,1.457219
-0.007500,-0.015000,1.708370
-0.007500,-0.012500,1.943353
-0.007500,-0.010000,2.156337
-0.007500,-0.007500,2.340767
-0.007500,-0.005000,2.488791
-0.007500,-0.002500,2.590803
-0.007500,0.000000,2.636884
-0.007500,0.002500,2.622137
-0.007500,0.005000,2.550662
-0.007500,0.007500,2.431603
-0.007500,0.010000,2.273822
-0.007500,0.012500,2.084483
-0.007500,0.015000,1.869523
-0.007500,0.017500,1.634236
-0.007500,0.020000,1.383606
-0.007500,0.022500,1.122458
-0.007500,0.025000,0.855497
-0.007500,0.027500,0.587299
-0.007500,0.030000,0.322277
-0.007500,0.032500,0.064630
-0.007500,0.035000,-0.181702
-0.007500,0.037500,-0.413090
-0.007500,0.040000,-0.626255
-0.007500,0.042500,-0.818316
-0.007500,0.045000,-0.986818
-0.007500,0.047500,-1.129774
-0.007500,0.050000,-1.245701
-0.007500,0.052500,-1.333669
-0.007500,0.055000,-1.393367
-0.007500,0.057500,-1.425216
-0.007500,0.060000,-1.430549
-0.007500,0.062500,-1.411953
-0.007500,0.065000,-1.373841
-0.007500,0.067500,-1.323179
-0.005000,-0.070000,-0.917583
-0.005000,-0.067500,-1.007611
-0.005000,-0.065000,-1.100190
-0.005000,-0.062500,-1.180525
-0.005000,-0.060000,-1.240481
-0.005000,-0.057500,-1.275548
-0.005000,-0.055000,-1.283027
-0.005000,-0.052500,-1.261293
-0.005000,-0.050000,-1.209497
-0.005000,-0.047500,-1.127433
-0.005000,-0.045000,-1.015484
-0.005000,-0.042500,-0.874586
-0.005000,-0.040000,-0.706213
-0.005000,-0.037500,-0.512356
-0.005000,-0.035000,-0.295503
-0.005000,-0.032500,-0.058616
-0.005000,-0.030000,0.194906
-0.005000,-0.027500,0.461261
-0.005000,-0.025000,0.736294
-0.005000,-0.022500,1.015553
-0.005000,-0.020000,1.294343
-0.005000,-0.017500,1.567780
-0.005000,-0.015000,1.830832
-0.005000,-0.012500,2.078313
-0.005000,-0.010000,2.304784
-0.005000,-0.007500,2.504183
-0.005000,-0.005000,2.668807
-0.005000,-0.002500,2.786904
-0.005000,0.000000,2.840900
-0.005000,0.002500,2.819433
-0.005000,0.005000,2.733060
-0.005000,0.007500,2.598571
-0.005000,0.010000,2.426968
-0.005000,0.012500,2.225260
-0.005000,0.015000,1.998882
-0.005000,0.017500,1.752734
-0.005000,0.020000,1.491553
-0.005000,0.022500,1.220033
-0.005000,0.025000,0.942830
-0.005000,0.027500,0.664530
-0.005000,0.030000,0.389594
-0.005000,0.032500,0.122305
-0.005000,0.035000,-0.133296
-0.005000,0.037500,-0.373457
-0.005000,0.040000,-0.594767
-0.005000,0.042500,-0.794200
-0.005000,0.045000,-0.969151
-0.005000,0.047500,-1.117474
-0.005000,0.050000,-1.237513
-0.005000,0.052500,-1.328138
-0.005000,0.055000,-1.388800
-0.005000,0.057500,-1.419604
-0.005000,0.060000,-1.421459
-0.005000,0.062500,-1.396397
-0.005000,0.065000,-1.348348
-0.005000,0.067500,-1.284996
-0.002500,-0.070000,-0.881223
-0.002500,-0.067500,-0.992223
-0.002500,-0.065000,-1.100609
-0.002500,-0.062500,-1.189687
-0.002500,-0.060000,-1.253841
-0.002500,-0.057500,-1.290148
-0.002500,-0.055000,-1.296776
-0.002500,-0.052500,-1.272599
-0.002500,-0.050000,-1.217081
-0.002500,-0.047500,-1.130242
-0.002500,-0.045000,-1.012636
-0.002500,-0.042500,-0.865349
-0.002500,-0.040000,-0.689985
-0.002500,-0.037500,-0.488654
-0.002500,-0.035000,-0.263957
-0.002500,-0.032500,-0.018954
-0.002500,-0.030000,0.242862
-0.002500,-0.027500,0.517614
-0.002500,-0.025000,0.801091
-0.002500,-0.022500,1.088807
-0.002500,-0.020000,1.376067
-0.002500,-0.017500,1.658041
-0.002500,-0.015000,1.929831
-0.002500,-0.012500,2.186527
-0.002500,-0.010000,2.423229
-0.002500,-0.007500,2.634923
-0.002500,-0.005000,2.815855
-0.002500,-0.002500,2.956331
-0.002500,0.000000,3.026973
-0.002500,0.002500,2.989612
-0.002500,0.005000,2.881610
-0.002500,0.007500,2.731556
-0.002500,0.010000,2.548393
-0.002500,0.012500,2.337177
-0.002500,0.015000,2.102296
-0.002500,0.017500,1.848107
-0.002500,0.020000,1.579072
-0.002500,0.022500,1.299750
-0.002500,0.025000,1.014745
-0.002500,0.027500,0.728641
-0.002500,0.030000,0.445935
-0.002500,0.032500,0.170967
-0.002500,0.035000,-0.092145
-0.002500,0.037500,-0.339560
-0.002500,0.040000,-0.567768
-0.002500,0.042500,-0.773634
-0.002500,0.045000,-0.954441
-0.002500,0.047500,-1.107917
-0.002500,0.050000,-1.232266
-0.002500,0.052500,-1.326198
-0.002500,0.055000,-1.388947
-0.002500,0.057500,-1.420310
-0.002500,0.060000,-1.420701
-0.002500,0.062500,-1.391283
-0.002500,0.065000,-1.334376
-0.002500,0.067500,-1.255100
0.000000,-0.070000,-0.867589
0.000000,-0.067500,-1.006332
0.000000,-0.065000,-1.122431
0.000000,-0.062500,-1.213235
0.000000,-0.060000,-1.276495
0.000000,-0.057500,-1.310401
0.000000,-0.055000,-1.313604
0.000000,-0.052500,-1.285238
0.000000,-0.050000,-1.224939
0.000000,-0.047500,-1.132851
0.000000,-0.045000,-1.009636
0.000000,-0.042500,-0.856471
0.000000,-0.040000,-0.675045
0.000000,-0.037500,-0.467549
0.000000,-0.035000,-0.236655
0.000000,-0.032500,0.014509
0.000000,-0.030000,0.282390
0.000000,-0.027500,0.563061
0.000000,-0.025000,0.852269
0.000000,-0.022500,1.145497
0.000000,-0.020000,1.438040
0.000000,-0.017500,1.725078
0.000000,-0.015000,2.001760
0.000000,-0.012500,2.263294
0.000000,-0.010000,2.505039
0.000000,-0.007500,2.722589
0.000000,-0.005000,2.911865
0.000000,-0.002500,3.069199
0.000000,0.000000,3.191409
0.000000,0.002500,3.102779
0.000000,0.005000,2.978219
0.000000,0.007500,2.820125
0.000000,0.010000,2.631416
0.000000,0.012500,2.415477
0.000000,0.015000,2.176086
0.000000,0.017500,1.917347
0.000000,0.020000,1.643608
0.000000,0.022500,1.359381
0.000000,0.025000,1.069264
0.000000,0.027500,0.777857
0.000000,0.030000,0.489687
0.000000,0.032500,0.209138
0.000000,0.035000,-0.059620
0.000000,0.037500,-0.312686
0.000000,0.040000,-0.546488
0.000000,0.042500,-0.757823
0.000000,0.045000,-0.943899
0.000000,0.047500,-1.102370
0.000000,0.050000,-1.231360
0.000000,0.052500,-1.329485
0.000000,0.055000,-1.395868
0.000000,0.057500,-1.430152
0.000000,0.060000,-1.432501
0.000000,0.062500,-1.403603
0.000000,0.065000,-1.344656
0.000000,0.067500,-1.257361
0.002500,-0.070000,-0.964862
0.002500,-0.067500,-1.070462
0.002500,-0.065000,-1.172417
0.002500,-0.062500,-1.254107
0.002500,-0.060000,-1.310003
0.002500,-0.057500,-1.337280
0.002500,-0.055000,-1.334214
0.002500,-0.052500,-1.299795
0.002500,-0.050000,-1.233610
0.002500,-0.047500,-1.135803
0.002500,-0.045000,-1.007055
0.002500,-0.042500,-0.848573
0.002500,-0.040000,-0.662081
0.002500,-0.037500,-0.449804
0.002500,-0.035000,-0.214448
0.002500,-0.032500,0.040827
0.002500,-0.030000,0.312442
0.002500,-0.027500,0.596439
0.002500,-0.025000,0.888539
0.002500,-0.022500,1.184196
0.002500,-0.020000,1.478668
0.002500,-0.017500,1.767083
0.002500,-0.015000,2.044511
0.002500,-0.012500,2.306020
0.002500,-0.010000,2.546688
0.002500,-0.007500,2.761492
0.002500,-0.005000,2.944668
0.002500,-0.002500,3.086519
0.002500,0.000000,3.157666
0.002500,0.002500,3.119942
0.002500,0.005000,3.010716
0.002500,0.007500,2.858586
0.002500,0.010000,2.672508
0.002500,0.012500,2.457554
0.002500,0.015000,2.218133
0.002500,0.017500,1.958631
0.002500,0.020000,1.683544
0.002500,0.022500,1.397471
0.002500,0.025000,1.105066
0.002500,0.027500,0.810971
0.002500,0.030000,0.519748
0.002500,0.032500,0.235811
0.002500,0.035000,-0.036641
0.002500,0.037500,-0.293680
0.002500,0.040000,-0.531704
0.002500,0.042500,-0.747483
0.002500,0.045000,-0.938200
0.002500,0.047500,-1.101487
0.002500,0.050000,-1.235450
0.002500,0.052500,-1.338706
0.002500,0.055000,-1.410398
0.002500,0.057500,-1.450240
0.002500,0.060000,-1.458567
0.002500,0.062500,-1.436469
0.002500,0.065000,-1.386201
0.002500,0.067500,-1.312827
0.005000,-0.070000,-1.084355
0.005000,-0.067500,-1.163662
0.005000,-0.065000,-1.243471
0.005000,-0.062500,-1.309131
0.005000,-0.060000,-1.352679
0.005000,-0.057500,-1.369801
0.005000,-0.055000,-1.358017
0.005000,-0.052500,-1.315934
0.005000,-0.050000,-1.242943
0.005000,-0.047500,-1.139090
0.005000,-0.045000,-1.005006
0.005000,-0.042500,-0.841875
0.005000,-0.040000,-0.651407
0.005000,-0.037500,-0.435819
0.005000,-0.035000,-0.197813
0.005000,-0.032500,0.059459
0.005000,-0.030000,0.332417
0.005000,-0.027500,0.617106
0.005000,-0.025000,0.909236
0.005000,-0.022500,1.204238
0.005000,-0.020000,1.497320
0.005000,-0.017500,1.783519
0.005000,-0.015000,2.057742
0.005000,-0.012500,2.314755
0.005000,-0.010000,2.549082
0.005000,-0.007500,2.754641
0.005000,-0.005000,2.923711
0.005000,-0.002500,3.044534
0.005000,0.000000,3.099534
0.005000,0.002500,3.077356
0.005000,0.005000,2.988568
0.005000,0.007500,2.849976
0.005000,0.010000,2.672607
0.005000,0.012500,2.463504
0.005000,0.015000,2.228142
0.005000,0.017500,1.971474
0.005000,0.020000,1.698305
0.005000,0.022500,1.413411
0.005000,0.025000,1.121542
0.005000,0.027500,0.827399
0.005000,0.030000,0.535573
0.005000,0.032500,0.250491
0.005000,0.035000,-0.023643
0.005000,0.037500,-0.282905
0.005000,0.040000,-0.523701
0.005000,0.042500,-0.742813
0.005000,0.045000,-0.937443
0.005000,0.047500,-1.105248
0.005000,0.050000,-1.244380
0.005000,0.052500,-1.353522
0.005000,0.055000,-1.431947
0.005000,0.057500,-1.479590
0.005000,0.060000,-1.497205
0.005000,0.062500,-1.486681
0.005000,0.065000,-1.451818
0.005000,0.067500,-1.400187
0.007500,-0.070000,-1.198835
0.007500,-0.067500,-1.262275
0.007500,-0.065000,-1.322956
0.007500,-0.062500,-1.371403
0.007500,-0.060000,-1.400444
0.007500,-0.057500,-1.405384
0.007500,-0.055000,-1.383301
0.007500,-0.052500,-1.332490
0.007500,-0.050000,-1.252144
0.007500,-0.047500,-1.142184
0.007500,-0.045000,-1.003162
0.007500,-0.042500,-0.836203
0.007500,-0.040000,-0.642968
0.007500,-0.037500,-0.425631
0.007500,-0.035000,-0.186849
0.007500,-0.032500,0.070265
0.007500,-0.030000,0.342170
0.007500,-0.027500,0.624942
0.007500,-0.025000,0.914307
0.007500,-0.022500,1.205696
0.007500,-0.020000,1.494281
0.007500,-0.017500,1.775020
0.007500,-0.015000,2.042662
0.007500,-0.012500,2.291713
0.007500,-0.010000,2.516293
0.007500,-0.007500,2.709813
0.007500,-0.005000,2.864401
0.007500,-0.002500,2.970444
0.007500,0.000000,3.018019
0.007500,0.002500,3.002239
0.007500,0.005000,2.927220
0.007500,0.007500,2.802129
0.007500,0.010000,2.635864
0.007500,0.012500,2.435633
0.007500,0.015000,2.207431
0.007500,0.017500,1.956631
0.007500,0.020000,1.688312
0.007500,0.022500,1.407416
0.007500,0.025000,1.118789
0.007500,0.027500,0.827172
0.007500,0.030000,0.537169
0.007500,0.032500,0.253195
0.007500,0.035000,-0.020572
0.007500,0.037500,-0.280247
0.007500,0.040000,-0.522277
0.007500,0.042500,-0.743497
0.007500,0.045000,-0.941163
0.007500,0.047500,-1.112996
0.007500,0.050000,-1.257226
0.007500,0.052500,-1.372646
0.007500,0.055000,-1.458678
0.007500,0.057500,-1.515493
0.007500,0.060000,-1.544192
0.007500,0.062500,-1.547150
0.007500,0.065000,-1.528587
0.007500,0.067500,-1.495301
0.010000,-0.070000,-1.304272
0.010000,-0.067500,-1.356160
0.010000,-0.065000,-1.401407
0.010000,-0.062500,-1.434010
0.010000,-0.060000,-1.448485
0.010000,-0.057500,-1.440656
0.010000,-0.055000,-1.407657
0.010000,-0.052500,-1.347710
0.010000,-0.050000,-1.259921
0.010000,-0.047500,-1.144129
0.010000,-0.045000,-1.000814
0.010000,-0.042500,-0.831030
0.010000,-0.040000,-0.636372
0.010000,-0.037500,-0.418937
0.010000,-0.035000,-0.181305
0.010000,-0.032500,0.073486
0.010000,-0.030000,0.341974
0.010000,-0.027500,0.620301
0.010000,-0.025000,0.904248
0.010000,-0.022500,1.189284
0.010000,-0.020000,1.470592
0.010000,-0.017500,1.743104
0.010000,-0.015000,2.001509
0.010000,-0.012500,2.240218
0.010000,-0.010000,2.453283
0.010000,-0.007500,2.634258
0.010000,-0.005000,2.776111
0.010000,-0.002500,2.871554
0.010000,0.000000,2.914409
0.010000,0.002500,2.901929
0.010000,0.005000,2.836106
0.010000,0.007500,2.722385
0.010000,0.010000,2.567356
0.010000,0.012500,2.377406
0.010000,0.015000,2.158405
0.010000,0.017500,1.915810
0.010000,0.020000,1.654811
0.010000,0.022500,1.380426
0.010000,0.025000,1.097538
0.010000,0.027500,0.810893
0.010000,0.030000,0.525066
0.010000,0.032500,0.244425
0.010000,0.035000,-0.026915
0.010000,0.037500,-0.285141
0.010000,0.040000,-0.526782
0.010000,0.042500,-0.748754
0.010000,0.045000,-0.948399
0.010000,0.047500,-1.123526
0.010000,0.050000,-1.272457
0.010000,0.052500,-1.394084
0.010000,0.055000,-1.487944
0.010000,0.057500,-1.554332
0.010000,0.060000,-1.594461
0.010000,0.062500,-1.610687
0.010000,0.065000,-1.606739
0.010000,0.067500,-1.587732
0.012500,-0.070000,-1.398454
0.012500,-0.067500,-1.440686
0.012500,-0.065000,-1.473032
0.012500,-0.062500,-1.491593
0.012500,-0.060000,-1.492421
0.012500,-0.057500,-1.472191
0.012500,-0.055000,-1.428437
0.012500,-0.052500,-1.359548
0.012500,-0.050000,-1.264682
0.012500,-0.047500,-1.143675
0.012500,-0.045000,-0.996969
0.012500,-0.042500,-0.825557
0.012500,-0.040000,-0.630951
0.012500,-0.037500,-0.415152
0.012500,-0.035000,-0.180631
0.012500,-0.032500,0.069688
0.012500,-0.030000,0.332459
0.012500,-0.027500,0.603934
0.012500,-0.025000,0.879999
0.012500,-0.022500,1.156209
0.012500,-0.020000,1.427824
0.012500,-0.017500,1.689839
0.012500,-0.015000,1.937005
0.012500,-0.012500,2.163830
0.012500,-0.010000,2.364583
0.012500,-0.007500,2.533313
0.012500,-0.005000,2.664009
0.012500,-0.002500,2.751076
0.012500,0.000000,2.790245
0.012500,0.002500,2.779673
0.012500,0.005000,2.720473
0.012500,0.007500,2.616199
0.012500,0.010000,2.471771
0.012500,0.012500,2.292576
0.012500,0.015000,2.084009
0.012500,0.017500,1.851332
0.012500,0.020000,1.599653
0.012500,0.022500,1.333948
0.012500,0.025000,1.059053
0.012500,0.027500,0.779652
0.012500,0.030000,0.500244
0.012500,0.032500,0.225104
0.012500,0.035000,-0.041758
0.012500,0.037500,-0.296638
0.012500,0.040000,-0.536181
0.012500,0.042500,-0.757419
0.012500,0.045000,-0.957801
0.012500,0.047500,-1.135236
0.012500,0.050000,-1.288131
0.012500,0.052500,-1.415446
0.012500,0.055000,-1.516757
0.012500,0.057500,-1.592344
0.012500,0.060000,-1.643294
0.012500,0.062500,-1.671599
0.012500,0.065000,-1.680164
0.012500,0.067500,-1.672581
0.015000,-0.070000,-1.479719
0.015000,-0.067500,-1.513188
0.015000,-0.065000,-1.534246
0.015000,-0.062500,-1.540334
0.015000,-0.060000,-1.528717
0.015000,-0.057500,-1.496944
0.015000,-0.055000,-1.443108
0.015000,-0.052500,-1.365924
0.015000,-0.050000,-1.264725
0.015000,-0.047500,-1.139424
0.015000,-0.045000,-0.990465
0.015000,-0.042500,-0.818797
0.015000,-0.040000,-0.625841
0.015000,-0.037500,-0.413480
0.015000,-0.035000,-0.184049
0.015000,-0.032500,0.059685
0.015000,-0.030000,0.314529
0.015000,-0.027500,0.576895
0.015000,-0.025000,0.842822
0.015000,-0.022500,1.108014
0.015000,-0.020000,1.367877
0.015000,-0.017500,1.617561
0.015000,-0.015000,1.851994
0.015000,-0.012500,2.065932
0.015000,-0.010000,2.254022
0.015000,-0.007500,2.410917
0.015000,-0.005000,2.531517
0.015000,-0.002500,2.611376
0.015000,0.000000,2.647296
0.015000,0.002500,2.637890
0.015000,0.005000,2.583839
0.015000,0.007500,2.487653
0.015000,0.010000,2.353124
0.015000,0.012500,2.184755
0.015000,0.015000,1.987360
0.015000,0.017500,1.765841
0.015000,0.020000,1.525084
0.015000,0.022500,1.269902
0.015000,0.025000,1.004998
0.015000,0.027500,0.734924
0.015000,0.030000,0.464046
0.015000,0.032500,0.196496
0.015000,0.035000,-0.063862
0.015000,0.037500,-0.313479
0.015000,0.040000,-0.549150
0.015000,0.042500,-0.768048
0.015000,0.045000,-0.967752
0.015000,0.047500,-1.146277
0.015000,0.050000,-1.302103
0.015000,0.052500,-1.434215
0.015000,0.055000,-1.542153
0.015000,0.057500,-1.626063
0.015000,0.060000,-1.686747
0.015000,0.062500,-1.725677
0.015000,0.065000,-1.744916
0.015000,0.067500,-1.746865
0.017500,-0.070000,-1.546789
0.017500,-0.067500,-1.571916
0.017500,-0.065000,-1.582723
0.017500,-0.062500,-1.577578
0.017500,-0.060000,-1.554692
0.017500,-0.057500,-1.512419
0.017500,-0.055000,-1.449450
0.017500,-0.052500,-1.364913
0.017500,-0.050000,-1.258401
0.017500,-0.047500,-1.129963
0.017500,-0.045000,-0.980085
0.017500,-0.042500,-0.809678
0.017500,-0.040000,-0.620069
0.017500,-0.037500,-0.412999
0.017500,-0.035000,-0.190631
0.017500,-0.032500,0.044457
0.017500,-0.030000,0.289274
0.017500,-0.027500,0.540436
0.017500,-0.025000,0.794188
0.017500,-0.022500,1.046440
0.017500,-0.020000,1.292813
0.017500,-0.017500,1.528685
0.017500,-0.015000,1.749254
0.017500,-0.012500,1.949616
0.017500,-0.010000,2.124862
0.017500,-0.007500,2.270240
0.017500,-0.005000,2.381390
0.017500,-0.002500,2.454667
0.017500,0.000000,2.487526
0.017500,0.002500,2.478847
0.017500,0.005000,2.429071
0.017500,0.007500,2.340082
0.017500,0.010000,2.214898
0.017500,0.012500,2.057307
0.017500,0.015000,1.871553
0.017500,0.017500,1.662116
0.017500,0.020000,1.433566
0.017500,0.022500,1.190468
0.017500,0.025000,0.937313
0.017500,0.027500,0.678458
0.017500,0.030000,0.418078
0.017500,0.032500,0.160115
0.017500,0.035000,-0.091763
0.017500,0.037500,-0.334196
0.017500,0.040000,-0.564168
0.017500,0.042500,-0.779024
0.017500,0.045000,-0.976493
0.017500,0.047500,-1.154703
0.017500,0.050000,-1.312195
0.017500,0.052500,-1.447948
0.017500,0.055000,-1.561406
0.017500,0.057500,-1.652499
0.017500,0.060000,-1.721664
0.017500,0.062500,-1.769817
0.017500,0.065000,-1.798257
0.017500,0.067500,-1.808468
0.020000,-0.070000,-1.598750
0.020000,-0.067500,-1.615720
0.020000,-0.065000,-1.616953
0.020000,-0.062500,-1.601525
0.020000,-0.060000,-1.568416
0.020000,-0.057500,-1.516696
0.020000,-0.055000,-1.445652
0.020000,-0.052500,-1.354862
0.020000,-0.050000,-1.244228
0.020000,-0.047500,-1.113976
0.020000,-0.045000,-0.964654
0.020000,-0.042500,-0.797139
0.020000,-0.040000,-0.612644
0.020000,-0.037500,-0.412744
0.020000,-0.035000,-0.199392
0.020000,-0.032500,0.025064
0.020000,-0.030000,0.257877
0.020000,-0.027500,0.495912
0.020000,-0.025000,0.735668
0.020000,-0.022500,0.973312
0.020000,-0.020000,1.204733
0.020000,-0.017500,1.425599
0.020000,-0.015000,1.631434
0.020000,-0.012500,1.817716
0.020000,-0.010000,1.979995
0.020000,-0.007500,2.114059
0.020000,-0.005000,2.216142
0.020000,-0.002500,2.283178
0.020000,0.000000,2.313059
0.020000,0.002500,2.304837
0.020000,0.005000,2.258808
0.020000,0.007500,2.176450
0.020000,0.010000,2.060230
0.020000,0.012500,1.913367
0.020000,0.015000,1.739592
0.020000,0.017500,1.542951
0.020000,0.020000,1.327654
0.020000,0.022500,1.097963
0.020000,0.025000,0.858099
0.020000,0.027500,0.612169
0.020000,0.030000,0.364108
0.020000,0.032500,0.117621
0.020000,0.035000,-0.123858
0.020000,0.037500,-0.357204
0.020000,0.040000,-0.579623
0.020000,0.042500,-0.788667
0.020000,0.045000,-0.982239
0.020000,0.047500,-1.158593
0.020000,0.050000,-1.316331
0.020000,0.052500,-1.454408
0.020000,0.055000,-1.572132
0.020000,0.057500,-1.669178
0.020000,0.060000,-1.745583
0.020000,0.062500,-1.801718
0.020000,0.065000,-1.838210
0.020000,0.067500,-1.855813
0.022500,-0.070000,-1.635066
0.022500,-0.067500,-1.643935
0.022500,-0.065000,-1.636046
0.022500,-0.062500,-1.611054
0.022500,-0.060000,-1.568603
0.022500,-0.057500,-1.508411
0.022500,-0.055000,-1.430346
0.022500,-0.052500,-1.334454
0.022500,-0.050000,-1.220972
0.022500,-0.047500,-1.090325
0.022500,-0.045000,-0.943128
0.022500,-0.042500,-0.780209
0.022500,-0.040000,-0.602642
0.022500,-0.037500,-0.411795
0.022500,-0.035000,-0.209371
0.022500,-0.032500,0.002556
0.022500,-0.030000,0.221525
0.022500,-0.027500,0.444691
0.022500,-0.025000,0.668845
0.022500,-0.022500,0.890451
0.022500,-0.020000,1.105707
0.022500,-0.017500,1.310608
0.022500,-0.015000,1.501035
0.022500,-0.012500,1.672862
0.022500,-0.010000,1.822080
0.022500,-0.007500,1.944954
0.022500,-0.005000,2.038204
0.022500,-0.002500,2.099200
0.022500,0.000000,2.126145
0.022500,0.002500,2.118216
0.022500,0.005000,2.075616
0.022500,0.007500,1.999539
0.022500,0.010000,1.892044
0.022500,0.012500,1.755893
0.022500,0.015000,1.594366
0.022500,0.017500,1.411093
0.022500,0.020000,1.209912
0.022500,0.022500,0.994748
0.022500,0.025000,0.769516
0.022500,0.027500,0.538037
0.022500,0.030000,0.303963
0.022500,0.032500,0.070725
0.022500,0.035000,-0.158516
0.022500,0.037500,-0.380907
0.022500,0.040000,-0.593916
0.022500,0.042500,-0.795337
0.022500,0.045000,-0.983282
0.022500,0.047500,-1.156156
0.022500,0.050000,-1.312634
0.022500,0.052500,-1.451642
0.022500,0.055000,-1.572342
0.022500,0.057500,-1.674130
0.022500,0.060000,-1.756636
0.022500,0.062500,-1.819708
0.022500,0.065000,-1.863374
0.022500,0.067500,-1.887769
0.025000,-0.070000,-1.655600
0.025000,-0.067500,-1.656360
0.025000,-0.065000,-1.639644
0.025000,-0.062500,-1.605625
0.025000,-0.060000,-1.554540
0.025000,-0.057500,-1.486724
0.025000,-0.055000,-1.402614
0.025000,-0.052500,-1.302743
0.025000,-0.050000,-1.187700
0.025000,-0.047500,-1.058117
0.025000,-0.045000,-0.914664
0.025000,-0.042500,-0.758091
0.025000,-0.040000,-0.589286
0.025000,-0.037500,-0.409359
0.025000,-0.035000,-0.219713
0.025000,-0.032500,-0.022103
0.025000,-0.030000,0.181335
0.025000,-0.027500,0.388079
0.025000,-0.025000,0.595241
0.025000,-0.022500,0.799613
0.025000,-0.020000,0.997721
0.025000,-0.017500,1.185909
0.025000,-0.015000,1.360423
0.025000,-0.012500,1.517528
0.025000,-0.010000,1.653627
0.025000,-0.007500,1.765405
0.025000,-0.005000,1.849984
0.025000,-0.002500,1.905078
0.025000,0.000000,1.929127
0.025000,0.002500,1.921404
0.025000,0.005000,1.882046
0.025000,0.007500,1.812039
0.025000,0.010000,1.713129
0.025000,0.012500,1.587702
0.025000,0.015000,1.438646
0.025000,0.017500,1.269203
0.025000,0.020000,1.082843
0.025000,0.022500,0.883148
0.025000,0.025000,0.673705
0.025000,0.027500,0.458019
0.025000,0.030000,0.239441
0.025000,0.032500,0.021094
0.025000,0.035000,-0.194165
0.025000,0.037500,-0.403790
0.025000,0.040000,-0.605549
0.025000,0.042500,-0.797524
0.025000,0.045000,-0.978076
0.025000,0.047500,-1.145804
0.025000,0.050000,-1.299486
0.025000,0.052500,-1.438032
0.025000,0.055000,-1.560458
0.025000,0.057500,-1.665872
0.025000,0.060000,-1.753492
0.025000,0.062500,-1.822659
0.025000,0.065000,-1.872844
0.025000,0.067500,-1.903634
0.027500,-0.070000,-1.660630
0.027500,-0.067500,-1.653248
0.027500,-0.065000,-1.627900
0.027500,-0.062500,-1.585234
0.027500,-0.060000,-1.526054
0.027500,-0.057500,-1.451296
0.027500,-0.055000,-1.361986
0.027500,-0.052500,-1.259165
0.027500,-0.050000,-1.143803
0.027500,-0.047500,-1.016741
0.027500,-0.045000,-0.878676
0.027500,-0.042500,-0.730224
0.027500,-0.040000,-0.572019
0.027500,-0.037500,-0.404845
0.027500,-0.035000,-0.229745
0.027500,-0.032500,-0.048110
0.027500,-0.030000,0.138283
0.027500,-0.027500,0.327258
0.027500,-0.025000,0.516268
0.027500,-0.022500,0.702442
0.027500,-0.020000,0.882646
0.027500,-0.017500,1.053574
0.027500,-0.015000,1.211834
0.027500,-0.012500,1.354063
0.027500,-0.010000,1.477043
0.027500,-0.007500,1.577829
0.027500,-0.005000,1.653884
0.027500,-0.002500,1.703200
0.027500,0.000000,1.724410
0.027500,0.002500,1.716859
0.027500,0.005000,1.680642
0.027500,0.007500,1.616582
0.027500,0.010000,1.526175
0.027500,0.012500,1.411496
0.027500,0.015000,1.275085
0.027500,0.017500,1.119833
0.027500,0.020000,0.948857
0.027500,0.022500,0.765398
0.027500,0.025000,0.572710
0.027500,0.027500,0.373978
0.027500,0.030000,0.172228
0.027500,0.032500,-0.029736
0.027500,0.035000,-0.229386
0.027500,0.037500,-0.424511
0.027500,0.040000,-0.613221
0.027500,0.042500,-0.793932
0.027500,0.045000,-0.965317
0.027500,0.047500,-1.126223
0.027500,0.050000,-1.275582
0.027500,0.052500,-1.412324
0.027500,0.055000,-1.535324
0.027500,0.057500,-1.643395
0.027500,0.060000,-1.735329
0.027500,0.062500,-1.809955
0.027500,0.065000,-1.866202
0.027500,0.067500,-1.903140
0.030000,-0.070000,-1.650862
0.030000,-0.067500,-1.635319
0.030000,-0.065000,-1.601466
0.030000,-0.062500,-1.550408
0.030000,-0.060000,-1.483495
0.030000,-0.057500,-1.402284
0.030000,-0.055000,-1.308430
0.030000,-0.052500,-1.203543
0.030000,-0.050000,-1.089017
0.030000,-0.047500,-0.965903
0.030000,-0.045000,-0.834882
0.030000,-0.042500,-0.696347
0.030000,-0.040000,-0.550579
0.030000,-0.037500,-0.397941
0.030000,-0.035000,-0.239051
0.030000,-0.032500,-0.074890
0.030000,-0.030000,0.093146
0.030000,-0.027500,0.263239
0.030000,-0.025000,0.433184
0.030000,-0.022500,0.600444
0.030000,-0.020000,0.762221
0.030000,-0.017500,0.915549
0.030000,-0.015000,1.057382
0.030000,-0.012500,1.184707
0.030000,-0.010000,1.294650
0.030000,-0.007500,1.384595
0.030000,-0.005000,1.452293
0.030000,-0.002500,1.495974
0.030000,0.000000,1.514426
0.030000,0.002500,1.507061
0.030000,0.005000,1.473938
0.030000,0.007500,1.415751
0.030000,0.010000,1.333792
0.030000,0.012500,1.229867
0.030000,0.015000,1.106218
0.030000,0.017500,0.965409
0.030000,0.020000,0.810233
0.030000,0.022500,0.643598
0.030000,0.025000,0.468437
0.030000,0.027500,0.287612
0.030000,0.030000,0.103828
0.030000,0.032500,-0.080437
0.030000,0.035000,-0.262995
0.030000,0.037500,-0.441989
0.030000,0.040000,-0.615909
0.030000,0.042500,-0.783560
0.030000,0.045000,-0.944000
0.030000,0.047500,-1.096412
0.030000,0.050000,-1.239960
0.030000,0.052500,-1.373645
0.030000,0.055000,-1.496216
0.030000,0.057500,-1.606170
0.030000,0.060000,-1.701833
0.030000,0.062500,-1.781492
0.030000,0.065000,-1.843522
0.030000,0.067500,-1.886482
0.032500,-0.070000,-1.627434
0.032500,-0.067500,-1.603762
0.032500,-0.065000,-1.561513
0.032500,-0.062500,-1.502210
0.032500,-0.060000,-1.427752
0.032500,-0.057500,-1.340346
0.032500,-0.055000,-1.242361
0.032500,-0.052500,-1.136083
0.032500,-0.050000,-1.023417
0.032500,-0.047500,-0.905644
0.032500,-0.045000,-0.783348
0.032500,-0.042500,-0.656565
0.032500,-0.040000,-0.525069
0.032500,-0.037500,-0.388686
0.032500,-0.035000,-0.247532
0.032500,-0.032500,-0.102145
0.032500,-0.030000,0.046465
0.032500,-0.027500,0.196830
0.032500,-0.025000,0.347072
0.032500,-0.022500,0.494970
0.032500,-0.020000,0.638047
0.032500,-0.017500,0.773655
0.032500,-0.015000,0.899072
0.032500,-0.012500,1.011607
0.032500,-0.010000,1.108698
0.032500,-0.007500,1.188019
0.032500,-0.005000,1.247576
0.032500,-0.002500,1.285800
0.032500,0.000000,1.301613
0.032500,0.002500,1.294481
0.032500,0.005000,1.264438
0.032500,0.007500,1.212073
0.032500,0.010000,1.138501
0.032500,0.012500,1.045304
0.032500,0.015000,0.934452
0.032500,0.017500,0.808222
0.032500,0.020000,0.669099
0.032500,0.022500,0.519687
0.032500,0.025000,0.362607
0.032500,0.027500,0.200415
0.032500,0.030000,0.035507
0.032500,0.032500,-0.129955
0.032500,0.035000,-0.294118
0.032500,0.037500,-0.455487
0.032500,0.040000,-0.612955
0.032500,0.042500,-0.765777
0.032500,0.045000,-0.913488
0.032500,0.047500,-1.055730
0.032500,0.050000,-1.192022
0.032500,0.052500,-1.321516
0.032500,0.055000,-1.442851
0.032500,0.057500,-1.554157
0.032500,0.060000,-1.653217
0.032500,0.062500,-1.737702
0.032500,0.065000,-1.805394
0.032500,0.067500,-1.854338
0.035000,-0.070000,-1.591903
0.035000,-0.067500,-1.560246
0.035000,-0.065000,-1.509739
0.035000,-0.062500,-1.442280
0.035000,-0.060000,-1.360292
0.035000,-0.057500,-1.266680
0.035000,-0.055000,-1.164654
0.035000,-0.052500,-1.057369
0.035000,-0.050000,-0.947418
0.035000,-0.047500,-0.836356
0.035000,-0.045000,-0.724545
0.035000,-0.042500,-0.611428
0.035000,-0.040000,-0.496049
0.035000,-0.037500,-0.377547
0.035000,-0.035000,-0.255466
0.035000,-0.032500,-0.129897
0.035000,-0.030000,-0.001484
0.035000,-0.027500,0.128621
0.035000,-0.025000,0.258833
0.035000,-0.022500,0.387219
0.035000,-0.020000,0.511590
0.035000,-0.017500,0.629592
0.035000,-0.015000,0.738801
0.035000,-0.012500,0.836817
0.035000,-0.010000,0.921362
0.035000,-0.007500,0.990367
0.035000,-0.005000,1.042064
0.035000,-0.002500,1.075056
0.035000,0.000000,1.088384
0.035000,0.002500,1.081563
0.035000,0.005000,1.054603
0.035000,0.007500,1.008007
0.035000,0.010000,0.942739
0.035000,0.012500,0.860182
0.035000,0.015000,0.762069
0.035000,0.017500,0.650414
0.035000,0.020000,0.527425
0.035000,0.022500,0.395419
0.035000,0.025000,0.256734
0.035000,0.027500,0.113640
0.035000,0.030000,-0.031751
0.035000,0.032500,-0.177567
0.035000,0.035000,-0.322264
0.035000,0.037500,-0.464694
0.035000,0.040000,-0.604159
0.035000,0.042500,-0.740413
0.035000,0.045000,-0.873580
0.035000,0.047500,-1.003936
0.035000,0.050000,-1.131548
0.035000,0.052500,-1.255858
0.035000,0.055000,-1.375405
0.035000,0.057500,-1.487847
0.035000,0.060000,-1.590266
0.035000,0.062500,-1.679595
0.035000,0.065000,-1.752962
0.035000,0.067500,-1.807895
0.037500,-0.070000,-1.546221
0.037500,-0.067500,-1.506904
0.037500,-0.065000,-1.448397
0.037500,-0.062500,-1.372882
0.037500,-0.060000,-1.283247
0.037500,-0.057500,-1.183109
0.037500,-0.055000,-1.076694
0.037500,-0.052500,-0.968367
0.037500,-0.050000,-0.861759
0.037500,-0.047500,-0.758813
0.037500,-0.045000,-0.659432
0.037500,-0.042500,-0.562054
0.037500,-0.040000,-0.464650
0.037500,-0.037500,-0.365503
0.037500,-0.035000,-0.263563
0.037500,-0.032500,-0.158512
0.037500,-0.030000,-0.050693
0.037500,-0.027500,0.058993
0.037500,-0.025000,0.169203
0.037500,-0.022500,0.278249
0.037500,-0.020000,0.384196
0.037500,-0.017500,0.484955
0.037500,-0.015000,0.578370
0.037500,-0.012500,0.662309
0.037500,-0.010000,0.734745
0.037500,-0.007500,0.793844
0.037500,-0.005000,0.838034
0.037500,-0.002500,0.866076
0.037500,0.000000,0.877110
0.037500,0.002500,0.870697
0.037500,0.005000,0.846830
0.037500,0.007500,0.805933
0.037500,0.010000,0.748843
0.037500,0.012500,0.676764
0.037500,0.015000,0.591219
0.037500,0.017500,0.493984
0.037500,0.020000,0.387015
0.037500,0.022500,0.272368
0.037500,0.025000,0.152123
0.037500,0.027500,0.028293
0.037500,0.030000,-0.097259
0.037500,0.032500,-0.222911
0.037500,0.035000,-0.347378
0.037500,0.037500,-0.469809
0.037500,0.040000,-0.589884
0.037500,0.042500,-0.707871
0.037500,0.045000,-0.824602
0.037500,0.047500,-0.941232
0.037500,0.050000,-1.058706
0.037500,0.052500,-1.176999
0.037500,0.055000,-1.294553
0.037500,0.057500,-1.408325
0.037500,0.060000,-1.514415
0.037500,0.062500,-1.608824
0.037500,0.065000,-1.687960
0.037500,0.067500,-1.748862
0.040000,-0.070000,-1.492666
0.040000,-0.067500,-1.446295
0.040000,-0.065000,-1.380290
0.040000,-0.062500,-1.296977
0.040000,-0.060000,-1.199551
0.040000,-0.057500,-1.092264
0.040000,-0.055000,-0.980520
0.040000,-0.052500,-0.870448
0.040000,-0.050000,-0.767480
0.040000,-0.047500,-0.674234
0.040000,-0.045000,-0.589640
0.040000,-0.042500,-0.510335
0.040000,-0.040000,-0.432728
0.040000,-0.037500,-0.354130
0.040000,-0.035000,-0.272978
0.040000,-0.032500,-0.188677
0.040000,-0.030000,-0.101389
0.040000,-0.027500,-0.011847
0.040000,-0.025000,0.078781
0.040000,-0.022500,0.169007
0.040000,-0.020000,0.257115
0.040000,-0.017500,0.341251
0.040000,-0.015000,0.419503
0.040000,-0.012500,0.489978
0.040000,-0.010000,0.550881
0.040000,-0.007500,0.600587
0.040000,-0.005000,0.637704
0.040000,-0.002500,0.661130
0.040000,0.000000,0.670098
0.040000,0.002500,0.664207
0.040000,0.005000,0.643436
0.040000,0.007500,0.608143
0.040000,0.010000,0.559048
0.040000,0.012500,0.497198
0.040000,0.015000,0.423926
0.040000,0.017500,0.340792
0.040000,0.020000,0.249521
0.040000,0.022500,0.151936
0.040000,0.025000,0.049880
0.040000,0.027500,-0.054857
0.040000,0.030000,-0.160622
0.040000,0.032500,-0.265992
0.040000,0.035000,-0.369871
0.040000,0.037500,-0.471616
0.040000,0.040000,-0.571185
0.040000,0.042500,-0.669300
0.040000,0.045000,-0.767569
0.040000,0.047500,-0.868353
0.040000,0.050000,-0.974051
0.040000,0.052500,-1.085674
0.040000,0.055000,-1.201546
0.040000,0.057500,-1.317419
0.040000,0.060000,-1.427890
0.040000,0.062500,-1.527775
0.040000,0.065000,-1.612751
0.040000,0.067500,-1.679461
0.042500,-0.070000,-1.433736
0.042500,-0.067500,-1.381305
0.042500,-0.065000,-1.308725
0.042500,-0.062500,-1.218269
0.042500,-0.060000,-1.113156
0.042500,-0.057500,-0.997957
0.042500,-0.055000,-0.879177
0.042500,-0.052500,-0.765506
0.042500,-0.050000,-0.665901
0.042500,-0.047500,-0.584483
0.042500,-0.045000,-0.517873
0.042500,-0.042500,-0.459294
0.042500,-0.040000,-0.403051
0.042500,-0.037500,-0.345640
0.042500,-0.035000,-0.285280
0.042500,-0.032500,-0.221341
0.042500,-0.030000,-0.153957
0.042500,-0.027500,-0.083795
0.042500,-0.025000,-0.011906
0.042500,-0.022500,0.060380
0.042500,-0.020000,0.131538
0.042500,-0.017500,0.199926
0.042500,-0.015000,0.263853
0.042500,-0.012500,0.321649
0.042500,-0.010000,0.371731
0.042500,-0.007500,0.412663
0.042500,-0.005000,0.443216
0.042500,-0.002500,0.462414
0.042500,0.000000,0.469573
0.042500,0.002500,0.464328
0.042500,0.005000,0.446645
0.042500,0.007500,0.416823
0.042500,0.010000,0.375477
0.042500,0.012500,0.323512
0.042500,0.015000,0.262087
0.042500,0.017500,0.192564
0.042500,0.020000,0.116459
0.042500,0.022500,0.035377
0.042500,0.025000,-0.049051
0.042500,0.027500,-0.135231
0.042500,0.030000,-0.221688
0.042500,0.032500,-0.307142
0.042500,0.035000,-0.390607
0.042500,0.037500,-0.471525
0.042500,0.040000,-0.549956
0.042500,0.042500,-0.626863
0.042500,0.045000,-0.704508
0.042500,0.047500,-0.786768
0.042500,0.050000,-0.878546
0.042500,0.052500,-0.983060
0.042500,0.055000,-1.098430
0.042500,0.057500,-1.217999
0.042500,0.060000,-1.333936
0.042500,0.062500,-1.439673
0.042500,0.065000,-1.530326
0.042500,0.067500,-1.602377
0.045000,-0.070000,-1.371982
0.045000,-0.067500,-1.314965
0.045000,-0.065000,-1.237337
0.045000,-0.062500,-1.141136
0.045000,-0.060000,-1.029232
0.045000,-0.057500,-0.905837
0.045000,-0.055000,-0.777698
0.045000,-0.052500,-0.656418
0.045000,-0.050000,-0.558599
0.045000,-0.047500,-0.492750
0.045000,-0.045000,-0.448874
0.045000,-0.042500,-0.413637
0.045000,-0.040000,-0.379440
0.045000,-0.037500,-0.342804
0.045000,-0.035000,-0.302299
0.045000,-0.032500,-0.257550
0.045000,-0.030000,-0.208810
0.045000,-0.027500,-0.156746
0.045000,-0.025000,-0.102330
0.045000,-0.022500,-0.046754
0.045000,-0.020000,0.008634
0.045000,-0.017500,0.062389
0.045000,-0.015000,0.113028
0.045000,-0.012500,0.159089
0.045000,-0.010000,0.199184
0.045000,-0.007500,0.232056
0.045000,-0.005000,0.256625
0.045000,-0.002500,0.272030
0.045000,0.000000,0.277663
0.045000,0.002500,0.273193
0.045000,0.005000,0.258574
0.045000,0.007500,0.234049
0.045000,0.010000,0.200140
0.045000,0.012500,0.157619
0.045000,0.015000,0.107485
0.045000,0.017500,0.050918
0.045000,0.020000,-0.010765
0.045000,0.022500,-0.076160
0.045000,0.025000,-0.143833
0.045000,0.027500,-0.212373
0.045000,0.030000,-0.280456
0.045000,0.032500,-0.346911
0.045000,0.035000,-0.410799
0.045000,0.037500,-0.471526
0.045000,0.040000,-0.529027
0.045000,0.042500,-0.584104
0.045000,0.045000,-0.639118
0.045000,0.047500,-0.699266
0.045000,0.050000,-0.773624
0.045000,0.052500,-0.870892
0.045000,0.055000,-0.988663
0.045000,0.057500,-1.114600
0.045000,0.060000,-1.237125
0.045000,0.062500,-1.348620
0.045000,0.065000,-1.444214
0.045000,0.067500,-1.520617
0.047500,-0.070000,-1.309776
0.047500,-0.067500,-1.250148
0.047500,-0.065000,-1.169722
0.047500,-0.062500,-1.070242
0.047500,-0.060000,-0.954012
0.047500,-0.057500,-0.824158
0.047500,-0.055000,-0.685611
0.047500,-0.052500,-0.549394
0.047500,-0.050000,-0.447462
0.047500,-0.047500,-0.406437
0.047500,-0.045000,-0.391472
0.047500,-0.042500,-0.380197
0.047500,-0.040000,-0.366523
0.047500,-0.037500,-0.348577
0.047500,-0.035000,-0.325795
0.047500,-0.032500,-0.298206
0.047500,-0.030000,-0.266208
0.047500,-0.027500,-0.230469
0.047500,-0.025000,-0.191870
0.047500,-0.022500,-0.151458
0.047500,-0.020000,-0.110404
0.047500,-0.017500,-0.069958
0.047500,-0.015000,-0.031400
0.047500,-0.012500,0.004006
0.047500,-0.010000,0.035058
0.047500,-0.007500,0.060666
0.047500,-0.005000,0.079890
0.047500,-0.002500,0.091975
0.047500,0.000000,0.096384
0.047500,0.002500,0.092816
0.047500,0.005000,0.081214
0.047500,0.007500,0.061772
0.047500,0.010000,0.034921
0.047500,0.012500,0.001313
0.047500,0.015000,-0.038205
0.047500,0.017500,-0.082628
0.047500,0.020000,-0.130825
0.047500,0.022500,-0.181587
0.047500,0.025000,-0.233672
0.047500,0.027500,-0.285847
0.047500,0.030000,-0.336940
0.047500,0.032500,-0.385884
0.047500,0.035000,-0.431774
0.047500,0.037500,-0.473931
0.047500,0.040000,-0.512014
0.047500,0.042500,-0.546246
0.047500,0.045000,-0.578026
0.047500,0.047500,-0.611883
0.047500,0.050000,-0.661620
0.047500,0.052500,-0.752147
0.047500,0.055000,-0.879050
0.047500,0.057500,-1.014513
0.047500,0.060000,-1.143546
0.047500,0.062500,-1.259406
0.047500,0.065000,-1.358202
0.047500,0.067500,-1.437258
0.050000,-0.070000,-1.249059
0.050000,-0.067500,-1.189188
0.050000,-0.065000,-1.108844
0.050000,-0.062500,-1.009640
0.050000,-0.060000,-0.893555
0.050000,-0.057500,-0.762909
0.050000,-0.055000,-0.620349
0.050000,-0.052500,-0.468977
0.050000,-0.050000,-0.337992
0.050000,-0.047500,-0.349201
0.050000,-0.045000,-0.360181
0.050000,-0.042500,-0.366813
0.050000,-0.040000,-0.368592
0.050000,-0.037500,-0.365308
0.050000,-0.035000,-0.356958
0.050000,-0.032500,-0.343744
0.050000,-0.030000,-0.326058
0.050000,-0.027500,-0.304474
0.050000,-0.025000,-0.279726
0.050000,-0.022500,-0.252685
0.050000,-0.020000,-0.224328
0.050000,-0.017500,-0.195701
0.050000,-0.015000,-0.167884
0.050000,-0.012500,-0.141946
0.050000,-0.010000,-0.118908
0.050000,-0.007500,-0.099704
0.050000,-0.005000,-0.085143
0.050000,-0.002500,-0.075877
0.050000,0.000000,-0.072380
0.050000,0.002500,-0.074925
0.050000,0.005000,-0.083578
0.050000,0.007500,-0.098193
0.050000,0.010000,-0.118423
0.050000,0.012500,-0.143732
0.050000,0.015000,-0.173417
0.050000,0.017500,-0.206638
0.050000,0.020000,-0.242448
0.050000,0.022500,-0.279833
0.050000,0.025000,-0.317743
0.050000,0.027500,-0.355134
0.050000,0.030000,-0.391007
0.050000,0.032500,-0.424434
0.050000,0.035000,-0.454599
0.050000,0.037500,-0.480820
0.050000,0.040000,-0.502582
0.050000,0.042500,-0.519577
0.050000,0.045000,-0.531803
0.050000,0.047500,-0.540017
0.050000,0.050000,-0.550536
0.050000,0.052500,-0.637393
0.050000,0.055000,-0.785046
0.050000,0.057500,-0.928420
0.050000,0.060000,-1.060114
0.050000,0.062500,-1.176762
0.050000,0.065000,-1.275784
0.050000,0.067500,-1.355060
0.052500,-0.070000,-1.191122
0.052500,-0.067500,-1.133524
0.052500,-0.065000,-1.056405
0.052500,-0.062500,-0.961546
0.052500,-0.060000,-0.851211
0.052500,-0.057500,-0.728309
0.052500,-0.055000,-0.597082
0.052500,-0.052500,-0.466870
0.052500,-0.050000,-0.373957
0.052500,-0.047500,-0.357122
0.052500,-0.045000,-0.366108
0.052500,-0.042500,-0.377832
0.052500,-0.040000,-0.387533
0.052500,-0.037500,-0.393738
0.052500,-0.035000,-0.395889
0.052500,-0.032500,-0.393847
0.052500,-0.030000,-0.387741
0.052500,-0.027500,-0.377908
0.052500,-0.025000,-0.364858
0.052500,-0.022500,-0.349240
0.052500,-0.020000,-0.331812
0.052500,-0.017500,-0.313408
0.052500,-0.015000,-0.294901
0.052500,-0.012500,-0.277170
0.052500,-0.010000,-0.261064
0.052500,-0.007500,-0.247363
0.052500,-0.005000,-0.236753
0.052500,-0.002500,-0.229793
0.052500,0.000000,-0.226894
0.052500,0.002500,-0.228304
0.052500,0.005000,-0.234099
0.052500,0.007500,-0.244180
0.052500,0.010000,-0.258278
0.052500,0.012500,-0.275967
0.052500,0.015000,-0.296684
0.052500,0.017500,-0.319750
0.052500,0.020000,-0.344399
0.052500,0.022500,-0.369810
0.052500,0.025000,-0.395135
0.052500,0.027500,-0.419540
0.052500,0.030000,-0.442228
0.052500,0.032500,-0.462474
0.052500,0.035000,-0.479656
0.052500,0.037500,-0.493277
0.052500,0.040000,-0.503005
0.052500,0.042500,-0.508724
0.052500,0.045000,-0.510689
0.052500,0.047500,-0.510238
0.052500,0.050000,-0.516172
0.052500,0.052500,-0.593824
0.052500,0.055000,-0.730354
0.052500,0.057500,-0.866217
0.052500,0.060000,-0.992037
0.052500,0.062500,-1.104021
0.052500,0.065000,-1.199427
0.052500,0.067500,-1.276047
0.055000,-0.070000,-1.136495
0.055000,-0.067500,-1.083516
0.055000,-0.065000,-1.012500
0.055000,-0.062500,-0.925614
0.055000,-0.060000,-0.825786
0.055000,-0.057500,-0.717172
0.055000,-0.055000,-0.606417
0.055000,-0.052500,-0.505704
0.055000,-0.050000,-0.434849
0.055000,-0.047500,-0.404752
0.055000,-0.045000,-0.401772
0.055000,-0.042500,-0.410004
0.055000,-0.040000,-0.421422
0.055000,-0.037500,-0.432431
0.055000,-0.035000,-0.441332
0.055000,-0.032500,-0.447312
0.055000,-0.030000,-0.450045
0.055000,-0.027500,-0.449524
0.055000,-0.025000,-0.445970
0.055000,-0.022500,-0.439773
0.055000,-0.020000,-0.431455
0.055000,-0.017500,-0.421628
0.055000,-0.015000,-0.410962
0.055000,-0.012500,-0.400146
0.055000,-0.010000,-0.389862
0.055000,-0.007500,-0.380748
0.055000,-0.005000,-0.373370
0.055000,-0.002500,-0.368199
0.055000,0.000000,-0.365590
0.055000,0.002500,-0.365769
0.055000,0.005000,-0.368820
0.055000,0.007500,-0.374689
0.055000,0.010000,-0.383182
0.055000,0.012500,-0.393981
0.055000,0.015000,-0.406654
0.055000,0.017500,-0.420680
0.055000,0.020000,-0.435470
0.055000,0.022500,-0.450398
0.055000,0.025000,-0.464828
0.055000,0.027500,-0.478146
0.055000,0.030000,-0.489795
0.055000,0.032500,-0.499308
0.055000,0.035000,-0.506357
0.055000,0.037500,-0.510813
0.055000,0.040000,-0.512854
0.055000,0.042500,-0.513215
0.055000,0.045000,-0.513835
0.055000,0.047500,-0.519823
0.055000,0.050000,-0.544798
0.055000,0.052500,-0.610519
0.055000,0.055000,-0.713121
0.055000,0.057500,-0.827828
0.055000,0.060000,-0.939797
0.055000,0.062500,-1.041922
0.055000,0.065000,-1.130030
0.055000,0.067500,-1.201225
0.057500,-0.070000,-1.084990
0.057500,-0.067500,-1.038533
0.057500,-0.065000,-0.975810
0.057500,-0.062500,-0.899369
0.057500,-0.060000,-0.812682
0.057500,-0.057500,-0.720582
0.057500,-0.055000,-0.629996
0.057500,-0.052500,-0.550548
0.057500,-0.050000,-0.492702
0.057500,-0.047500,-0.461229
0.057500,-0.045000,-0.451511
0.057500,-0.042500,-0.455142
0.057500,-0.040000,-0.465412
0.057500,-0.037500,-0.478133
0.057500,-0.035000,-0.490848
0.057500,-0.032500,-0.502140
0.057500,-0.030000,-0.511221
0.057500,-0.027500,-0.517714
0.057500,-0.025000,-0.521534
0.057500,-0.022500,-0.522804
0.057500,-0.020000,-0.521802
0.057500,-0.017500,-0.518922
0.057500,-0.015000,-0.514634
0.057500,-0.012500,-0.509447
0.057500,-0.010000,-0.503884
0.057500,-0.007500,-0.498445
0.057500,-0.005000,-0.493588
0.057500,-0.002500,-0.489703
0.057500,0.000000,-0.487092
0.057500,0.002500,-0.485959
0.057500,0.005000,-0.486401
0.057500,0.007500,-0.488405
0.057500,0.010000,-0.491850
0.057500,0.012500,-0.496517
0.057500,0.015000,-0.502102
0.057500,0.017500,-0.508235
0.057500,0.020000,-0.514500
0.057500,0.022500,-0.520463
0.057500,0.025000,-0.525699
0.057500,0.027500,-0.529823
0.057500,0.030000,-0.532531
0.057500,0.032500,-0.533645
0.057500,0.035000,-0.533172
0.057500,0.037500,-0.531406
0.057500,0.040000,-0.529100
0.057500,0.042500,-0.527790
0.057500,0.045000,-0.530461
0.057500,0.047500,-0.542659
0.057500,0.050000,-0.573171
0.057500,0.052500,-0.629880
0.057500,0.055000,-0.710617
0.057500,0.057500,-0.804149
0.057500,0.060000,-0.899398
0.057500,0.062500,-0.988696
0.057500,0.065000,-1.066942
0.057500,0.067500,-1.130578
0.060000,-0.070000,-1.035872
0.060000,-0.067500,-0.997257
0.060000,-0.065000,-0.944164
0.060000,-0.062500,-0.879365
0.060000,-0.060000,-0.806519
0.060000,-0.057500,-0.730394
0.060000,-0.055000,-0.657021
0.060000,-0.052500,-0.593338
0.060000,-0.050000,-0.545562
0.060000,-0.047500,-0.516537
0.060000,-0.045000,-0.504571
0.060000,-0.042500,-0.505229
0.060000,-0.040000,-0.513848
0.060000,-0.037500,-0.526739
0.060000,-0.035000,-0.541308
0.060000,-0.032500,-0.555819
0.060000,-0.030000,-0.569151
0.060000,-0.027500,-0.580624
0.060000,-0.025000,-0.589876
0.060000,-0.022500,-0.596780
0.060000,-0.020000,-0.601391
0.060000,-0.017500,-0.603895
0.060000,-0.015000,-0.604574
0.060000,-0.012500,-0.603772
0.060000,-0.010000,-0.601860
0.060000,-0.007500,-0.599217
0.060000,-0.005000,-0.596198
0.060000,-0.002500,-0.593119
0.060000,0.000000,-0.590235
0.060000,0.002500,-0.587733
0.060000,0.005000,-0.585720
0.060000,0.007500,-0.584223
0.060000,0.010000,-0.583189
0.060000,0.012500,-0.582494
0.060000,0.015000,-0.581954
0.060000,0.017500,-0.581340
0.060000,0.020000,-0.580402
0.060000,0.022500,-0.578887
0.060000,0.025000,-0.576572
0.060000,0.027500,-0.573297
0.060000,0.030000,-0.569000
0.060000,0.032500,-0.563775
0.060000,0.035000,-0.557939
0.060000,0.037500,-0.552140
0.060000,0.040000,-0.547525
0.060000,0.042500,-0.545989
0.060000,0.045000,-0.550526
0.060000,0.047500,-0.565444
0.060000,0.050000,-0.595713
0.060000,0.052500,-0.644472
0.060000,0.055000,-0.710045
0.060000,0.057500,-0.786236
0.060000,0.060000,-0.865513
0.060000,0.062500,-0.941307
0.060000,0.065000,-1.008527
0.060000,0.067500,-1.063347
0.062500,-0.070000,-0.988084
0.062500,-0.067500,-0.958043
0.062500,-0.065000,-0.915148
0.062500,-0.062500,-0.862200
0.062500,-0.060000,-0.802739
0.062500,-0.057500,-0.741072
0.062500,-0.055000,-0.682142
0.062500,-0.052500,-0.631013
0.062500,-0.050000,-0.591837
0.062500,-0.047500,-0.566658
0.062500,-0.045000,-0.554954
0.062500,-0.042500,-0.554331
0.062500,-0.040000,-0.561709
0.062500,-0.037500,-0.574195
0.062500,-0.035000,-0.589436
0.062500,-0.032500,-0.605655
0.062500,-0.030000,-0.621571
0.062500,-0.027500,-0.636301
0.062500,-0.025000,-0.649273
0.062500,-0.022500,-0.660158
0.062500,-0.020000,-0.668813
0.062500,-0.017500,-0.675245
0.062500,-0.015000,-0.679569
0.062500,-0.012500,-0.681976
0.062500,-0.010000,-0.682709
0.062500,-0.007500,-0.682031
0.062500,-0.005000,-0.680209
0.062500,-0.002500,-0.677492
0.062500,0.000000,-0.674094
0.062500,0.002500,-0.670188
0.062500,0.005000,-0.665891
0.062500,0.007500,-0.661267
0.062500,0.010000,-0.656328
0.062500,0.012500,-0.651035
0.062500,0.015000,-0.645316
0.062500,0.017500,-0.639073
0.062500,0.020000,-0.632205
0.062500,0.022500,-0.624628
0.062500,0.025000,-0.616301
0.062500,0.027500,-0.607264
0.062500,0.030000,-0.597667
0.062500,0.032500,-0.587830
0.062500,0.035000,-0.578302
0.062500,0.037500,-0.569954
0.062500,0.040000,-0.564089
0.062500,0.042500,-0.562572
0.062500,0.045000,-0.567910
0.062500,0.047500,-0.583082
0.062500,0.050000,-0.610840
0.062500,0.052500,-0.652401
0.062500,0.055000,-0.706300
0.062500,0.057500,-0.768512
0.062500,0.060000,-0.833738
0.062500,0.062500,-0.896708
0.062500,0.065000,-0.952841
0.062500,0.067500,-0.998409
0.065000,-0.070000,-0.940461
0.065000,-0.067500,-0.919224
0.065000,-0.065000,-0.886509
0.065000,-0.062500,-0.844998
0.065000,-0.060000,-0.797939
0.065000,-0.057500,-0.749068
0.065000,-0.055000,-0.702390
0.065000,-0.052500,-0.661741
0.065000,-0.050000,-0.630157
0.065000,-0.047500,-0.609273
0.065000,-0.045000,-0.599108
0.065000,-0.042500,-0.598366
0.065000,-0.040000,-0.605042
0.065000,-0.037500,-0.616977
0.065000,-0.035000,-0.632201
0.065000,-0.032500,-0.649065
0.065000,-0.030000,-0.666274
0.065000,-0.027500,-0.682847
0.065000,-0.025000,-0.698077
0.065000,-0.022500,-0.711487
0.065000,-0.020000,-0.722783
0.065000,-0.017500,-0.731822
0.065000,-0.015000,-0.738579
0.065000,-0.012500,-0.743116
0.065000,-0.010000,-0.745563
0.065000,-0.007500,-0.746087
0.065000,-0.005000,-0.744875
0.065000,-0.002500,-0.742121
0.065000,0.000000,-0.738003
0.065000,0.002500,-0.732682
0.065000,0.005000,-0.726287
0.065000,0.007500,-0.718917
0.065000,0.010000,-0.710639
0.065000,0.012500,-0.701496
0.065000,0.015000,-0.691512
0.065000,0.017500,-0.680706
0.065000,0.020000,-0.669110
0.065000,0.022500,-0.656785
0.065000,0.025000,-0.643850
0.065000,0.027500,-0.630505
0.065000,0.030000,-0.617072
0.065000,0.032500,-0.604031
0.065000,0.035000,-0.592074
0.065000,0.037500,-0.582160
0.065000,0.040000,-0.575569
0.065000,0.042500,-0.573935
0.065000,0.045000,-0.579180
0.065000,0.047500,-0.593266
0.065000,0.050000,-0.617683
0.065000,0.052500,-0.652756
0.065000,0.055000,-0.697141
0.065000,0.057500,-0.747894
0.065000,0.060000,-0.801071
0.065000,0.062500,-0.852464
0.065000,0.065000,-0.898122
0.065000,0.067500,-0.934618
0.067500,-0.070000,-0.891892
0.067500,-0.067500,-0.879300
0.067500,-0.065000,-0.856352
0.067500,-0.062500,-0.825519
0.067500,-0.060000,-0.789692
0.067500,-0.057500,-0.752061
0.067500,-0.055000,-0.715895
0.067500,-0.052500,-0.684212
0.067500,-0.050000,-0.659379
0.067500,-0.047500,-0.642786
0.067500,-0.045000,-0.634722
0.067500,-0.042500,-0.634520
0.067500,-0.040000,-0.640887
0.067500,-0.037500,-0.652249
0.067500,-0.035000,-0.667025
0.067500,-0.032500,-0.683777
0.067500,-0.030000,-0.701282
0.067500,-0.027500,-0.718551
0.067500,-0.025000,-0.734813
0.067500,-0.022500,-0.749498
0.067500,-0.020000,-0.762204
0.067500,-0.017500,-0.772679
0.067500,-0.015000,-0.780784
0.067500,-0.012500,-0.786483
0.067500,-0.010000,-0.789807
0.067500,-0.007500,-0.790846
0.067500,-0.005000,-0.789723
0.067500,-0.002500,-0.786584
0.067500,0.000000,-0.781579
0.067500,0.002500,-0.774859
0.067500,0.005000,-0.766566
0.067500,0.007500,-0.756829
0.067500,0.010000,-0.745767
0.067500,0.012500,-0.733491
0.067500,0.015000,-0.720110
0.067500,0.017500,-0.705743
0.067500,0.020000,-0.690534
0.067500,0.022500,-0.674664
0.067500,0.025000,-0.658378
0.067500,0.027500,-0.642002
0.067500,0.030000,-0.625975
0.067500,0.032500,-0.610877
0.067500,0.035000,-0.597458
0.067500,0.037500,-0.586666
0.067500,0.040000,-0.579660
0.067500,0.042500,-0.577773
0.067500,0.045000,-0.582409
0.067500,0.047500,-0.594817
0.067500,0.050000,-0.615742
0.067500,0.052500,-0.645052
0.067500,0.055000,-0.681490
0.067500,0.057500,-0.722721
0.067500,0.060000,-0.765653
0.067500,0.062500,-0.806870
0.067500,0.065000,-0.843008
0.067500,0.067500,-0.871007
